{
    "counter": {
        "ACTIVE": 2789,
        "INACTIVE": 26,
        "INVALID": 0,
        "MALICIOUS": 0,
        "SANE": 0,
        "VALID": 0,
        "total": 2815
    },
    "percentage": {
        "ACTIVE": 99.07637655417406,
        "INACTIVE": 0.9499451954694922,
        "INVALID": 0,
        "MALICIOUS": 0,
        "SANE": 0,
        "VALID": 0,
        "total": 100.02632174964356
    }
}