{
    "counter": {
        "ACTIVE": 6058,
        "INACTIVE": 58,
        "INVALID": 0,
        "MALICIOUS": 0,
        "SANE": 0,
        "VALID": 0,
        "total": 6116
    },
    "percentage": {
        "ACTIVE": 99.05166775670372,
        "INACTIVE": 0.989423404981235,
        "INVALID": 0,
        "MALICIOUS": 0,
        "SANE": 0,
        "VALID": 0,
        "total": 100.04109116168496
    }
}