{
    "counter": {
        "ACTIVE": 4401,
        "INACTIVE": 38,
        "INVALID": 0,
        "MALICIOUS": 0,
        "SANE": 0,
        "VALID": 0,
        "total": 4439
    },
    "percentage": {
        "ACTIVE": 99.14395134039198,
        "INACTIVE": 0.8707607699358387,
        "INVALID": 0,
        "MALICIOUS": 0,
        "SANE": 0,
        "VALID": 0,
        "total": 100.01471211032782
    }
}