{
    "counter": {
        "ACTIVE": 2659,
        "INACTIVE": 25,
        "INVALID": 0,
        "MALICIOUS": 0,
        "SANE": 0,
        "VALID": 0,
        "total": 2684
    },
    "percentage": {
        "ACTIVE": 99.06855439642325,
        "INACTIVE": 0.9317927692881103,
        "INVALID": 0,
        "MALICIOUS": 0,
        "SANE": 0,
        "VALID": 0,
        "total": 100.00034716571136
    }
}