{
    "counter": {
        "ACTIVE": 3107,
        "INACTIVE": 34,
        "INVALID": 0,
        "MALICIOUS": 0,
        "SANE": 0,
        "VALID": 0,
        "total": 3141
    },
    "percentage": {
        "ACTIVE": 98.91754218401783,
        "INACTIVE": 1.1447811447811447,
        "INVALID": 0,
        "MALICIOUS": 0,
        "SANE": 0,
        "VALID": 0,
        "total": 100.06232332879898
    }
}