{
    "counter": {
        "ACTIVE": 8893,
        "INACTIVE": 62,
        "INVALID": 0,
        "MALICIOUS": 0,
        "SANE": 0,
        "VALID": 0,
        "total": 8955
    },
    "percentage": {
        "ACTIVE": 99.30764935790062,
        "INACTIVE": 0.6942889137737962,
        "INVALID": 0,
        "MALICIOUS": 0,
        "SANE": 0,
        "VALID": 0,
        "total": 100.0019382716744
    }
}