{
    "counter": {
        "ACTIVE": 12944,
        "INACTIVE": 115,
        "INVALID": 0,
        "MALICIOUS": 0,
        "SANE": 0,
        "VALID": 0,
        "total": 13059
    },
    "percentage": {
        "ACTIVE": 99.11938126962248,
        "INACTIVE": 0.885228234931876,
        "INVALID": 0,
        "MALICIOUS": 0,
        "SANE": 0,
        "VALID": 0,
        "total": 100.00460950455435
    }
}