{
    "counter": {
        "ACTIVE": 7439,
        "INACTIVE": 68,
        "INVALID": 0,
        "MALICIOUS": 0,
        "SANE": 0,
        "VALID": 0,
        "total": 7507
    },
    "percentage": {
        "ACTIVE": 99.09417876648462,
        "INACTIVE": 0.9403955192919375,
        "INVALID": 0,
        "MALICIOUS": 0,
        "SANE": 0,
        "VALID": 0,
        "total": 100.03457428577656
    }
}