{
    "counter": {
        "ACTIVE": 8381,
        "INACTIVE": 68,
        "INVALID": 0,
        "MALICIOUS": 0,
        "SANE": 0,
        "VALID": 0,
        "total": 8449
    },
    "percentage": {
        "ACTIVE": 99.19517102615694,
        "INACTIVE": 0.8245422577907118,
        "INVALID": 0,
        "MALICIOUS": 0,
        "SANE": 0,
        "VALID": 0,
        "total": 100.01971328394765
    }
}