{
    "counter": {
        "ACTIVE": 8840,
        "INACTIVE": 113,
        "INVALID": 0,
        "MALICIOUS": 0,
        "SANE": 0,
        "VALID": 0,
        "total": 8953
    },
    "percentage": {
        "ACTIVE": 98.737853233553,
        "INACTIVE": 1.263416815742397,
        "INVALID": 0,
        "MALICIOUS": 0,
        "SANE": 0,
        "VALID": 0,
        "total": 100.0012700492954
    }
}