{
    "counter": {
        "ACTIVE": 7103,
        "INACTIVE": 67,
        "INVALID": 0,
        "MALICIOUS": 0,
        "SANE": 0,
        "VALID": 0,
        "total": 7170
    },
    "percentage": {
        "ACTIVE": 99.06555090655509,
        "INACTIVE": 0.9436619718309859,
        "INVALID": 0,
        "MALICIOUS": 0,
        "SANE": 0,
        "VALID": 0,
        "total": 100.00921287838608
    }
}