{
    "counter": {
        "ACTIVE": 19257,
        "INACTIVE": 1304,
        "INVALID": 0,
        "MALICIOUS": 0,
        "SANE": 0,
        "VALID": 0,
        "total": 20561
    },
    "percentage": {
        "ACTIVE": 93.6578960167307,
        "INACTIVE": 6.379959880620382,
        "INVALID": 0,
        "MALICIOUS": 0,
        "SANE": 0,
        "VALID": 0,
        "total": 100.03785589735108
    }
}