{
    "counter": {
        "ACTIVE": 8674,
        "INACTIVE": 65,
        "INVALID": 0,
        "MALICIOUS": 0,
        "SANE": 0,
        "VALID": 0,
        "total": 8739
    },
    "percentage": {
        "ACTIVE": 99.25620780409658,
        "INACTIVE": 0.751792736525561,
        "INVALID": 0,
        "MALICIOUS": 0,
        "SANE": 0,
        "VALID": 0,
        "total": 100.00800054062213
    }
}