{
    "counter": {
        "ACTIVE": 8386,
        "INACTIVE": 58,
        "INVALID": 0,
        "MALICIOUS": 0,
        "SANE": 0,
        "VALID": 0,
        "total": 8444
    },
    "percentage": {
        "ACTIVE": 99.31312174324964,
        "INACTIVE": 0.697786333012512,
        "INVALID": 0,
        "MALICIOUS": 0,
        "SANE": 0,
        "VALID": 0,
        "total": 100.01090807626215
    }
}