{
    "counter": {
        "ACTIVE": 652,
        "INACTIVE": 2,
        "INVALID": 0,
        "MALICIOUS": 0,
        "SANE": 0,
        "VALID": 0,
        "total": 654
    },
    "percentage": {
        "ACTIVE": 99.69418960244649,
        "INACTIVE": 0.44150110375275936,
        "INVALID": 0,
        "MALICIOUS": 0,
        "SANE": 0,
        "VALID": 0,
        "total": 100.13569070619924
    }
}