{
    "counter": {
        "ACTIVE": 19385,
        "INACTIVE": 202,
        "INVALID": 0,
        "MALICIOUS": 0,
        "SANE": 0,
        "VALID": 0,
        "total": 19587
    },
    "percentage": {
        "ACTIVE": 98.96870373206718,
        "INACTIVE": 1.0658505698607008,
        "INVALID": 0,
        "MALICIOUS": 0,
        "SANE": 0,
        "VALID": 0,
        "total": 100.03455430192788
    }
}