{
    "counter": {
        "ACTIVE": 4597,
        "INACTIVE": 46,
        "INVALID": 0,
        "MALICIOUS": 0,
        "SANE": 0,
        "VALID": 0,
        "total": 4643
    },
    "percentage": {
        "ACTIVE": 99.00926125349989,
        "INACTIVE": 1.0067848544539286,
        "INVALID": 0,
        "MALICIOUS": 0,
        "SANE": 0,
        "VALID": 0,
        "total": 100.01604610795381
    }
}