{
    "counter": {
        "ACTIVE": 15701,
        "INACTIVE": 191,
        "INVALID": 0,
        "MALICIOUS": 0,
        "SANE": 0,
        "VALID": 0,
        "total": 15892
    },
    "percentage": {
        "ACTIVE": 98.79813742763655,
        "INACTIVE": 1.2149354366770562,
        "INVALID": 0,
        "MALICIOUS": 0,
        "SANE": 0,
        "VALID": 0,
        "total": 100.0130728643136
    }
}