{
    "counter": {
        "ACTIVE": 2279,
        "INACTIVE": 19,
        "INVALID": 0,
        "MALICIOUS": 0,
        "SANE": 0,
        "VALID": 0,
        "total": 2298
    },
    "percentage": {
        "ACTIVE": 99.17319408181027,
        "INACTIVE": 0.8467023172905526,
        "INVALID": 0,
        "MALICIOUS": 0,
        "SANE": 0,
        "VALID": 0,
        "total": 100.01989639910082
    }
}