{
    "counter": {
        "ACTIVE": 14090,
        "INACTIVE": 132,
        "INVALID": 0,
        "MALICIOUS": 0,
        "SANE": 0,
        "VALID": 0,
        "total": 14222
    },
    "percentage": {
        "ACTIVE": 99.07186049782028,
        "INACTIVE": 0.9502555611547044,
        "INVALID": 0,
        "MALICIOUS": 0,
        "SANE": 0,
        "VALID": 0,
        "total": 100.02211605897499
    }
}