{
    "counter": {
        "ACTIVE": 10059,
        "INACTIVE": 77,
        "INVALID": 0,
        "MALICIOUS": 0,
        "SANE": 0,
        "VALID": 0,
        "total": 10136
    },
    "percentage": {
        "ACTIVE": 99.24033149171271,
        "INACTIVE": 0.7773066828184938,
        "INVALID": 0,
        "MALICIOUS": 0,
        "SANE": 0,
        "VALID": 0,
        "total": 100.0176381745312
    }
}