{
    "counter": {
        "ACTIVE": 7258,
        "INACTIVE": 57,
        "INVALID": 0,
        "MALICIOUS": 0,
        "SANE": 0,
        "VALID": 0,
        "total": 7315
    },
    "percentage": {
        "ACTIVE": 99.22077922077922,
        "INACTIVE": 0.8032694475760992,
        "INVALID": 0,
        "MALICIOUS": 0,
        "SANE": 0,
        "VALID": 0,
        "total": 100.02404866835532
    }
}