{
    "counter": {
        "ACTIVE": 18707,
        "INACTIVE": 167,
        "INVALID": 0,
        "MALICIOUS": 0,
        "SANE": 0,
        "VALID": 0,
        "total": 18874
    },
    "percentage": {
        "ACTIVE": 99.11518491045884,
        "INACTIVE": 0.8916177255739456,
        "INVALID": 0,
        "MALICIOUS": 0,
        "SANE": 0,
        "VALID": 0,
        "total": 100.00680263603279
    }
}