{
    "counter": {
        "ACTIVE": 19428,
        "INACTIVE": 186,
        "INVALID": 0,
        "MALICIOUS": 0,
        "SANE": 0,
        "VALID": 0,
        "total": 19614
    },
    "percentage": {
        "ACTIVE": 99.0516977669012,
        "INACTIVE": 0.972599874503242,
        "INVALID": 0,
        "MALICIOUS": 0,
        "SANE": 0,
        "VALID": 0,
        "total": 100.02429764140444
    }
}