{
    "counter": {
        "ACTIVE": 7109,
        "INACTIVE": 67,
        "INVALID": 0,
        "MALICIOUS": 0,
        "SANE": 0,
        "VALID": 0,
        "total": 7176
    },
    "percentage": {
        "ACTIVE": 99.06633221850613,
        "INACTIVE": 0.9868905582560024,
        "INVALID": 0,
        "MALICIOUS": 0,
        "SANE": 0,
        "VALID": 0,
        "total": 100.05322277676214
    }
}