{
    "counter": {
        "ACTIVE": 12566,
        "INACTIVE": 163,
        "INVALID": 0,
        "MALICIOUS": 0,
        "SANE": 0,
        "VALID": 0,
        "total": 12729
    },
    "percentage": {
        "ACTIVE": 98.71945950192475,
        "INACTIVE": 1.2878249190171447,
        "INVALID": 0,
        "MALICIOUS": 0,
        "SANE": 0,
        "VALID": 0,
        "total": 100.00728442094189
    }
}