{
    "counter": {
        "ACTIVE": 17923,
        "INACTIVE": 159,
        "INVALID": 0,
        "MALICIOUS": 0,
        "SANE": 0,
        "VALID": 0,
        "total": 18082
    },
    "percentage": {
        "ACTIVE": 99.12067249198097,
        "INACTIVE": 0.9098712446351931,
        "INVALID": 0,
        "MALICIOUS": 0,
        "SANE": 0,
        "VALID": 0,
        "total": 100.03054373661617
    }
}