{
    "counter": {
        "ACTIVE": 8527,
        "INACTIVE": 65,
        "INVALID": 0,
        "MALICIOUS": 0,
        "SANE": 0,
        "VALID": 0,
        "total": 8592
    },
    "percentage": {
        "ACTIVE": 99.24348230912477,
        "INACTIVE": 0.7617485058010078,
        "INVALID": 0,
        "MALICIOUS": 0,
        "SANE": 0,
        "VALID": 0,
        "total": 100.00523081492578
    }
}