{
    "counter": {
        "ACTIVE": 4796,
        "INACTIVE": 50,
        "INVALID": 0,
        "MALICIOUS": 0,
        "SANE": 0,
        "VALID": 0,
        "total": 4846
    },
    "percentage": {
        "ACTIVE": 98.96822121337185,
        "INACTIVE": 1.035625517812759,
        "INVALID": 0,
        "MALICIOUS": 0,
        "SANE": 0,
        "VALID": 0,
        "total": 100.00384673118461
    }
}