{
    "counter": {
        "ACTIVE": 1123,
        "INACTIVE": 6,
        "INVALID": 0,
        "MALICIOUS": 0,
        "SANE": 0,
        "VALID": 0,
        "total": 1129
    },
    "percentage": {
        "ACTIVE": 99.46855624446412,
        "INACTIVE": 0.6369426751592356,
        "INVALID": 0,
        "MALICIOUS": 0,
        "SANE": 0,
        "VALID": 0,
        "total": 100.10549891962336
    }
}