{
    "counter": {
        "ACTIVE": 9378,
        "INACTIVE": 83,
        "INVALID": 0,
        "MALICIOUS": 0,
        "SANE": 0,
        "VALID": 0,
        "total": 9461
    },
    "percentage": {
        "ACTIVE": 99.12271430081387,
        "INACTIVE": 0.8900804289544236,
        "INVALID": 0,
        "MALICIOUS": 0,
        "SANE": 0,
        "VALID": 0,
        "total": 100.01279472976829
    }
}