{
    "counter": {
        "ACTIVE": 4360,
        "INACTIVE": 40,
        "INVALID": 0,
        "MALICIOUS": 0,
        "SANE": 0,
        "VALID": 0,
        "total": 4400
    },
    "percentage": {
        "ACTIVE": 99.0909090909091,
        "INACTIVE": 0.9265693768820941,
        "INVALID": 0,
        "MALICIOUS": 0,
        "SANE": 0,
        "VALID": 0,
        "total": 100.0174784677912
    }
}