{
    "counter": {
        "ACTIVE": 3909,
        "INACTIVE": 38,
        "INVALID": 0,
        "MALICIOUS": 0,
        "SANE": 0,
        "VALID": 0,
        "total": 3947
    },
    "percentage": {
        "ACTIVE": 99.03724347605777,
        "INACTIVE": 0.9900990099009901,
        "INVALID": 0,
        "MALICIOUS": 0,
        "SANE": 0,
        "VALID": 0,
        "total": 100.02734248595875
    }
}