{
    "counter": {
        "ACTIVE": 4107,
        "INACTIVE": 40,
        "INVALID": 0,
        "MALICIOUS": 0,
        "SANE": 0,
        "VALID": 0,
        "total": 4147
    },
    "percentage": {
        "ACTIVE": 99.03544731130938,
        "INACTIVE": 0.9828009828009828,
        "INVALID": 0,
        "MALICIOUS": 0,
        "SANE": 0,
        "VALID": 0,
        "total": 100.01824829411036
    }
}