{
    "counter": {
        "ACTIVE": 6432,
        "INACTIVE": 61,
        "INVALID": 0,
        "MALICIOUS": 0,
        "SANE": 0,
        "VALID": 0,
        "total": 6493
    },
    "percentage": {
        "ACTIVE": 99.06052672108424,
        "INACTIVE": 0.9397627484208905,
        "INVALID": 0,
        "MALICIOUS": 0,
        "SANE": 0,
        "VALID": 0,
        "total": 100.00028946950513
    }
}