{
    "counter": {
        "ACTIVE": 9846,
        "INACTIVE": 79,
        "INVALID": 0,
        "MALICIOUS": 0,
        "SANE": 0,
        "VALID": 0,
        "total": 9925
    },
    "percentage": {
        "ACTIVE": 99.20403022670025,
        "INACTIVE": 0.8112548777983158,
        "INVALID": 0,
        "MALICIOUS": 0,
        "SANE": 0,
        "VALID": 0,
        "total": 100.01528510449857
    }
}