{
    "counter": {
        "ACTIVE": 2733,
        "INACTIVE": 27,
        "INVALID": 0,
        "MALICIOUS": 0,
        "SANE": 0,
        "VALID": 0,
        "total": 2760
    },
    "percentage": {
        "ACTIVE": 99.02173913043478,
        "INACTIVE": 1.0714285714285714,
        "INVALID": 0,
        "MALICIOUS": 0,
        "SANE": 0,
        "VALID": 0,
        "total": 100.09316770186335
    }
}