{
    "counter": {
        "ACTIVE": 13541,
        "INACTIVE": 136,
        "INVALID": 0,
        "MALICIOUS": 0,
        "SANE": 0,
        "VALID": 0,
        "total": 13677
    },
    "percentage": {
        "ACTIVE": 99.00562988959567,
        "INACTIVE": 0.9994855589035055,
        "INVALID": 0,
        "MALICIOUS": 0,
        "SANE": 0,
        "VALID": 0,
        "total": 100.00511544849917
    }
}