{
    "counter": {
        "ACTIVE": 9168,
        "INACTIVE": 115,
        "INVALID": 0,
        "MALICIOUS": 0,
        "SANE": 0,
        "VALID": 0,
        "total": 9283
    },
    "percentage": {
        "ACTIVE": 98.76117634385436,
        "INACTIVE": 1.2444540634130505,
        "INVALID": 0,
        "MALICIOUS": 0,
        "SANE": 0,
        "VALID": 0,
        "total": 100.0056304072674
    }
}