{
    "counter": {
        "ACTIVE": 9430,
        "INACTIVE": 85,
        "INVALID": 0,
        "MALICIOUS": 0,
        "SANE": 0,
        "VALID": 0,
        "total": 9515
    },
    "percentage": {
        "ACTIVE": 99.10667367314767,
        "INACTIVE": 0.9003283550471348,
        "INVALID": 0,
        "MALICIOUS": 0,
        "SANE": 0,
        "VALID": 0,
        "total": 100.0070020281948
    }
}