{
    "counter": {
        "ACTIVE": 18566,
        "INACTIVE": 164,
        "INVALID": 0,
        "MALICIOUS": 0,
        "SANE": 0,
        "VALID": 0,
        "total": 18730
    },
    "percentage": {
        "ACTIVE": 99.1243993593166,
        "INACTIVE": 0.8975972853155273,
        "INVALID": 0,
        "MALICIOUS": 0,
        "SANE": 0,
        "VALID": 0,
        "total": 100.02199664463213
    }
}