{
    "counter": {
        "ACTIVE": 1097,
        "INACTIVE": 5,
        "INVALID": 0,
        "MALICIOUS": 0,
        "SANE": 0,
        "VALID": 0,
        "total": 1102
    },
    "percentage": {
        "ACTIVE": 99.54627949183303,
        "INACTIVE": 0.5813953488372093,
        "INVALID": 0,
        "MALICIOUS": 0,
        "SANE": 0,
        "VALID": 0,
        "total": 100.12767484067024
    }
}