{
    "counter": {
        "ACTIVE": 2899,
        "INACTIVE": 24,
        "INVALID": 0,
        "MALICIOUS": 0,
        "SANE": 0,
        "VALID": 0,
        "total": 2923
    },
    "percentage": {
        "ACTIVE": 99.17892576120424,
        "INACTIVE": 1.0092514718250631,
        "INVALID": 0,
        "MALICIOUS": 0,
        "SANE": 0,
        "VALID": 0,
        "total": 100.18817723302931
    }
}