{
    "counter": {
        "ACTIVE": 3222,
        "INACTIVE": 28,
        "INVALID": 0,
        "MALICIOUS": 0,
        "SANE": 0,
        "VALID": 0,
        "total": 3250
    },
    "percentage": {
        "ACTIVE": 99.13846153846154,
        "INACTIVE": 1.0148604566872055,
        "INVALID": 0,
        "MALICIOUS": 0,
        "SANE": 0,
        "VALID": 0,
        "total": 100.15332199514874
    }
}