{
    "counter": {
        "ACTIVE": 6740,
        "INACTIVE": 52,
        "INVALID": 0,
        "MALICIOUS": 0,
        "SANE": 0,
        "VALID": 0,
        "total": 6792
    },
    "percentage": {
        "ACTIVE": 99.2343934040047,
        "INACTIVE": 0.7897934386391251,
        "INVALID": 0,
        "MALICIOUS": 0,
        "SANE": 0,
        "VALID": 0,
        "total": 100.02418684264383
    }
}