{
    "counter": {
        "ACTIVE": 7160,
        "INACTIVE": 212,
        "INVALID": 0,
        "MALICIOUS": 0,
        "SANE": 0,
        "VALID": 0,
        "total": 7372
    },
    "percentage": {
        "ACTIVE": 97.12425393380359,
        "INACTIVE": 2.9522350647542126,
        "INVALID": 0,
        "MALICIOUS": 0,
        "SANE": 0,
        "VALID": 0,
        "total": 100.0764889985578
    }
}