{
    "counter": {
        "ACTIVE": 13080,
        "INACTIVE": 135,
        "INVALID": 0,
        "MALICIOUS": 0,
        "SANE": 0,
        "VALID": 0,
        "total": 13215
    },
    "percentage": {
        "ACTIVE": 98.97843359818388,
        "INACTIVE": 1.0295912141549726,
        "INVALID": 0,
        "MALICIOUS": 0,
        "SANE": 0,
        "VALID": 0,
        "total": 100.00802481233886
    }
}