{
    "counter": {
        "ACTIVE": 18658,
        "INACTIVE": 243,
        "INVALID": 0,
        "MALICIOUS": 0,
        "SANE": 0,
        "VALID": 0,
        "total": 18901
    },
    "percentage": {
        "ACTIVE": 98.71435373789747,
        "INACTIVE": 1.2928970470869912,
        "INVALID": 0,
        "MALICIOUS": 0,
        "SANE": 0,
        "VALID": 0,
        "total": 100.00725078498446
    }
}