{
    "counter": {
        "ACTIVE": 5919,
        "INACTIVE": 56,
        "INVALID": 0,
        "MALICIOUS": 0,
        "SANE": 0,
        "VALID": 0,
        "total": 5975
    },
    "percentage": {
        "ACTIVE": 99.06276150627615,
        "INACTIVE": 0.9641873278236914,
        "INVALID": 0,
        "MALICIOUS": 0,
        "SANE": 0,
        "VALID": 0,
        "total": 100.02694883409984
    }
}