{
    "counter": {
        "ACTIVE": 9822,
        "INACTIVE": 249,
        "INVALID": 0,
        "MALICIOUS": 0,
        "SANE": 0,
        "VALID": 0,
        "total": 10071
    },
    "percentage": {
        "ACTIVE": 97.52755436401549,
        "INACTIVE": 2.4726911618669316,
        "INVALID": 0,
        "MALICIOUS": 0,
        "SANE": 0,
        "VALID": 0,
        "total": 100.00024552588242
    }
}