{
    "counter": {
        "ACTIVE": 9716,
        "INACTIVE": 75,
        "INVALID": 0,
        "MALICIOUS": 0,
        "SANE": 0,
        "VALID": 0,
        "total": 9791
    },
    "percentage": {
        "ACTIVE": 99.23399039934634,
        "INACTIVE": 0.7714462044846739,
        "INVALID": 0,
        "MALICIOUS": 0,
        "SANE": 0,
        "VALID": 0,
        "total": 100.00543660383101
    }
}