{
    "counter": {
        "ACTIVE": 13281,
        "INACTIVE": 140,
        "INVALID": 0,
        "MALICIOUS": 0,
        "SANE": 0,
        "VALID": 0,
        "total": 13421
    },
    "percentage": {
        "ACTIVE": 98.95685865434767,
        "INACTIVE": 1.0438413361169103,
        "INVALID": 0,
        "MALICIOUS": 0,
        "SANE": 0,
        "VALID": 0,
        "total": 100.00069999046458
    }
}