{
    "counter": {
        "ACTIVE": 4536,
        "INACTIVE": 46,
        "INVALID": 0,
        "MALICIOUS": 0,
        "SANE": 0,
        "VALID": 0,
        "total": 4582
    },
    "percentage": {
        "ACTIVE": 98.99607158446094,
        "INACTIVE": 1.0628465804066543,
        "INVALID": 0,
        "MALICIOUS": 0,
        "SANE": 0,
        "VALID": 0,
        "total": 100.05891816486759
    }
}