{
    "counter": {
        "ACTIVE": 3187,
        "INACTIVE": 53,
        "INVALID": 0,
        "MALICIOUS": 0,
        "SANE": 0,
        "VALID": 0,
        "total": 3240
    },
    "percentage": {
        "ACTIVE": 98.3641975308642,
        "INACTIVE": 1.6846789574062302,
        "INVALID": 0,
        "MALICIOUS": 0,
        "SANE": 0,
        "VALID": 0,
        "total": 100.04887648827044
    }
}