{
    "counter": {
        "ACTIVE": 16943,
        "INACTIVE": 178,
        "INVALID": 0,
        "MALICIOUS": 0,
        "SANE": 0,
        "VALID": 0,
        "total": 17121
    },
    "percentage": {
        "ACTIVE": 98.96034110157117,
        "INACTIVE": 1.0862931771024045,
        "INVALID": 0,
        "MALICIOUS": 0,
        "SANE": 0,
        "VALID": 0,
        "total": 100.04663427867358
    }
}