{
    "counter": {
        "ACTIVE": 1011,
        "INACTIVE": 5,
        "INVALID": 0,
        "MALICIOUS": 0,
        "SANE": 0,
        "VALID": 0,
        "total": 1016
    },
    "percentage": {
        "ACTIVE": 99.50787401574803,
        "INACTIVE": 0.5387931034482759,
        "INVALID": 0,
        "MALICIOUS": 0,
        "SANE": 0,
        "VALID": 0,
        "total": 100.0466671191963
    }
}