{
    "counter": {
        "ACTIVE": 7796,
        "INACTIVE": 60,
        "INVALID": 0,
        "MALICIOUS": 0,
        "SANE": 0,
        "VALID": 0,
        "total": 7856
    },
    "percentage": {
        "ACTIVE": 99.23625254582485,
        "INACTIVE": 0.8298755186721992,
        "INVALID": 0,
        "MALICIOUS": 0,
        "SANE": 0,
        "VALID": 0,
        "total": 100.06612806449705
    }
}