{
    "counter": {
        "ACTIVE": 909,
        "INACTIVE": 3,
        "INVALID": 0,
        "MALICIOUS": 0,
        "SANE": 0,
        "VALID": 0,
        "total": 912
    },
    "percentage": {
        "ACTIVE": 99.67105263157895,
        "INACTIVE": 0.6396588486140725,
        "INVALID": 0,
        "MALICIOUS": 0,
        "SANE": 0,
        "VALID": 0,
        "total": 100.31071148019302
    }
}