{
    "counter": {
        "ACTIVE": 8440,
        "INACTIVE": 67,
        "INVALID": 0,
        "MALICIOUS": 0,
        "SANE": 0,
        "VALID": 0,
        "total": 8507
    },
    "percentage": {
        "ACTIVE": 99.2124133066886,
        "INACTIVE": 0.8016271835367312,
        "INVALID": 0,
        "MALICIOUS": 0,
        "SANE": 0,
        "VALID": 0,
        "total": 100.01404049022534
    }
}