{
    "counter": {
        "ACTIVE": 8942,
        "INACTIVE": 64,
        "INVALID": 0,
        "MALICIOUS": 0,
        "SANE": 0,
        "VALID": 0,
        "total": 9006
    },
    "percentage": {
        "ACTIVE": 99.28936264712414,
        "INACTIVE": 0.7133303611234953,
        "INVALID": 0,
        "MALICIOUS": 0,
        "SANE": 0,
        "VALID": 0,
        "total": 100.00269300824763
    }
}