{
    "counter": {
        "ACTIVE": 10547,
        "INACTIVE": 67,
        "INVALID": 0,
        "MALICIOUS": 0,
        "SANE": 0,
        "VALID": 0,
        "total": 10614
    },
    "percentage": {
        "ACTIVE": 99.3687582438289,
        "INACTIVE": 0.6544886197128065,
        "INVALID": 0,
        "MALICIOUS": 0,
        "SANE": 0,
        "VALID": 0,
        "total": 100.02324686354171
    }
}