{
    "counter": {
        "ACTIVE": 4521,
        "INACTIVE": 39,
        "INVALID": 0,
        "MALICIOUS": 0,
        "SANE": 0,
        "VALID": 0,
        "total": 4560
    },
    "percentage": {
        "ACTIVE": 99.14473684210526,
        "INACTIVE": 0.8930615983512709,
        "INVALID": 0,
        "MALICIOUS": 0,
        "SANE": 0,
        "VALID": 0,
        "total": 100.03779844045653
    }
}