{
    "counter": {
        "ACTIVE": 2441,
        "INACTIVE": 32,
        "INVALID": 0,
        "MALICIOUS": 0,
        "SANE": 0,
        "VALID": 0,
        "total": 2473
    },
    "percentage": {
        "ACTIVE": 98.70602507076426,
        "INACTIVE": 1.3417190775681342,
        "INVALID": 0,
        "MALICIOUS": 0,
        "SANE": 0,
        "VALID": 0,
        "total": 100.04774414833238
    }
}