{
    "counter": {
        "ACTIVE": 5482,
        "INACTIVE": 57,
        "INVALID": 0,
        "MALICIOUS": 0,
        "SANE": 0,
        "VALID": 0,
        "total": 5539
    },
    "percentage": {
        "ACTIVE": 98.9709333814768,
        "INACTIVE": 1.0612548873580339,
        "INVALID": 0,
        "MALICIOUS": 0,
        "SANE": 0,
        "VALID": 0,
        "total": 100.03218826883483
    }
}