{
    "counter": {
        "ACTIVE": 18876,
        "INACTIVE": 169,
        "INVALID": 0,
        "MALICIOUS": 0,
        "SANE": 0,
        "VALID": 0,
        "total": 19045
    },
    "percentage": {
        "ACTIVE": 99.11262798634812,
        "INACTIVE": 0.9055835387418283,
        "INVALID": 0,
        "MALICIOUS": 0,
        "SANE": 0,
        "VALID": 0,
        "total": 100.01821152508994
    }
}