{
    "counter": {
        "ACTIVE": 16033,
        "INACTIVE": 173,
        "INVALID": 0,
        "MALICIOUS": 0,
        "SANE": 0,
        "VALID": 0,
        "total": 16206
    },
    "percentage": {
        "ACTIVE": 98.93249413797359,
        "INACTIVE": 1.069221260815822,
        "INVALID": 0,
        "MALICIOUS": 0,
        "SANE": 0,
        "VALID": 0,
        "total": 100.00171539878941
    }
}