{
    "counter": {
        "ACTIVE": 12058,
        "INACTIVE": 119,
        "INVALID": 0,
        "MALICIOUS": 0,
        "SANE": 0,
        "VALID": 0,
        "total": 12177
    },
    "percentage": {
        "ACTIVE": 99.0227478032356,
        "INACTIVE": 0.9868148271000912,
        "INVALID": 0,
        "MALICIOUS": 0,
        "SANE": 0,
        "VALID": 0,
        "total": 100.0095626303357
    }
}