{
    "counter": {
        "ACTIVE": 10760,
        "INACTIVE": 67,
        "INVALID": 0,
        "MALICIOUS": 0,
        "SANE": 0,
        "VALID": 0,
        "total": 10827
    },
    "percentage": {
        "ACTIVE": 99.38117668790986,
        "INACTIVE": 0.6338694418164617,
        "INVALID": 0,
        "MALICIOUS": 0,
        "SANE": 0,
        "VALID": 0,
        "total": 100.01504612972631
    }
}