{
    "counter": {
        "ACTIVE": 3127,
        "INACTIVE": 38,
        "INVALID": 0,
        "MALICIOUS": 0,
        "SANE": 0,
        "VALID": 0,
        "total": 3165
    },
    "percentage": {
        "ACTIVE": 98.79936808846762,
        "INACTIVE": 1.2566137566137565,
        "INVALID": 0,
        "MALICIOUS": 0,
        "SANE": 0,
        "VALID": 0,
        "total": 100.05598184508138
    }
}