{
    "counter": {
        "ACTIVE": 6501,
        "INACTIVE": 47,
        "INVALID": 0,
        "MALICIOUS": 0,
        "SANE": 0,
        "VALID": 0,
        "total": 6548
    },
    "percentage": {
        "ACTIVE": 99.282223579719,
        "INACTIVE": 0.7557485126226081,
        "INVALID": 0,
        "MALICIOUS": 0,
        "SANE": 0,
        "VALID": 0,
        "total": 100.0379720923416
    }
}