{
    "counter": {
        "ACTIVE": 12697,
        "INACTIVE": 136,
        "INVALID": 0,
        "MALICIOUS": 0,
        "SANE": 0,
        "VALID": 0,
        "total": 12833
    },
    "percentage": {
        "ACTIVE": 98.94023221382373,
        "INACTIVE": 1.0708661417322836,
        "INVALID": 0,
        "MALICIOUS": 0,
        "SANE": 0,
        "VALID": 0,
        "total": 100.01109835555602
    }
}