{
    "counter": {
        "ACTIVE": 18886,
        "INACTIVE": 209,
        "INVALID": 0,
        "MALICIOUS": 0,
        "SANE": 0,
        "VALID": 0,
        "total": 19095
    },
    "percentage": {
        "ACTIVE": 98.90547263681592,
        "INACTIVE": 1.0987277888760383,
        "INVALID": 0,
        "MALICIOUS": 0,
        "SANE": 0,
        "VALID": 0,
        "total": 100.00420042569195
    }
}