{
    "counter": {
        "ACTIVE": 13272,
        "INACTIVE": 151,
        "INVALID": 0,
        "MALICIOUS": 0,
        "SANE": 0,
        "VALID": 0,
        "total": 13423
    },
    "percentage": {
        "ACTIVE": 98.87506518661998,
        "INACTIVE": 1.1361926260346125,
        "INVALID": 0,
        "MALICIOUS": 0,
        "SANE": 0,
        "VALID": 0,
        "total": 100.01125781265459
    }
}