{
    "counter": {
        "ACTIVE": 10686,
        "INACTIVE": 82,
        "INVALID": 0,
        "MALICIOUS": 0,
        "SANE": 0,
        "VALID": 0,
        "total": 10768
    },
    "percentage": {
        "ACTIVE": 99.23848439821694,
        "INACTIVE": 0.7765886921109953,
        "INVALID": 0,
        "MALICIOUS": 0,
        "SANE": 0,
        "VALID": 0,
        "total": 100.01507309032793
    }
}