{
    "counter": {
        "ACTIVE": 9136,
        "INACTIVE": 68,
        "INVALID": 0,
        "MALICIOUS": 0,
        "SANE": 0,
        "VALID": 0,
        "total": 9204
    },
    "percentage": {
        "ACTIVE": 99.26119078661452,
        "INACTIVE": 0.7425202009172308,
        "INVALID": 0,
        "MALICIOUS": 0,
        "SANE": 0,
        "VALID": 0,
        "total": 100.00371098753175
    }
}