{
    "counter": {
        "ACTIVE": 4383,
        "INACTIVE": 35,
        "INVALID": 0,
        "MALICIOUS": 0,
        "SANE": 0,
        "VALID": 0,
        "total": 4418
    },
    "percentage": {
        "ACTIVE": 99.2077863286555,
        "INACTIVE": 0.8158508158508159,
        "INVALID": 0,
        "MALICIOUS": 0,
        "SANE": 0,
        "VALID": 0,
        "total": 100.02363714450632
    }
}