{
    "counter": {
        "ACTIVE": 11630,
        "INACTIVE": 132,
        "INVALID": 0,
        "MALICIOUS": 0,
        "SANE": 0,
        "VALID": 0,
        "total": 11762
    },
    "percentage": {
        "ACTIVE": 98.87774188063254,
        "INACTIVE": 1.1263759706459595,
        "INVALID": 0,
        "MALICIOUS": 0,
        "SANE": 0,
        "VALID": 0,
        "total": 100.0041178512785
    }
}