{
    "counter": {
        "ACTIVE": 11979,
        "INACTIVE": 118,
        "INVALID": 0,
        "MALICIOUS": 0,
        "SANE": 0,
        "VALID": 0,
        "total": 12097
    },
    "percentage": {
        "ACTIVE": 99.02455154170455,
        "INACTIVE": 0.9825963860438005,
        "INVALID": 0,
        "MALICIOUS": 0,
        "SANE": 0,
        "VALID": 0,
        "total": 100.00714792774835
    }
}