{
    "counter": {
        "ACTIVE": 16507,
        "INACTIVE": 183,
        "INVALID": 0,
        "MALICIOUS": 0,
        "SANE": 0,
        "VALID": 0,
        "total": 16690
    },
    "percentage": {
        "ACTIVE": 98.9035350509287,
        "INACTIVE": 1.122217452627706,
        "INVALID": 0,
        "MALICIOUS": 0,
        "SANE": 0,
        "VALID": 0,
        "total": 100.0257525035564
    }
}