{
    "counter": {
        "ACTIVE": 3740,
        "INACTIVE": 33,
        "INVALID": 0,
        "MALICIOUS": 0,
        "SANE": 0,
        "VALID": 0,
        "total": 3773
    },
    "percentage": {
        "ACTIVE": 99.12536443148689,
        "INACTIVE": 0.8769598724422004,
        "INVALID": 0,
        "MALICIOUS": 0,
        "SANE": 0,
        "VALID": 0,
        "total": 100.00232430392909
    }
}