{
    "counter": {
        "ACTIVE": 5485,
        "INACTIVE": 57,
        "INVALID": 0,
        "MALICIOUS": 0,
        "SANE": 0,
        "VALID": 0,
        "total": 5542
    },
    "percentage": {
        "ACTIVE": 98.97149043666546,
        "INACTIVE": 1.0299963859775931,
        "INVALID": 0,
        "MALICIOUS": 0,
        "SANE": 0,
        "VALID": 0,
        "total": 100.00148682264306
    }
}