{
    "counter": {
        "ACTIVE": 9724,
        "INACTIVE": 61,
        "INVALID": 0,
        "MALICIOUS": 0,
        "SANE": 0,
        "VALID": 0,
        "total": 9785
    },
    "percentage": {
        "ACTIVE": 99.37659683188554,
        "INACTIVE": 0.6459811500582442,
        "INVALID": 0,
        "MALICIOUS": 0,
        "SANE": 0,
        "VALID": 0,
        "total": 100.02257798194378
    }
}