{
    "counter": {
        "ACTIVE": 546,
        "INACTIVE": 3,
        "INVALID": 0,
        "MALICIOUS": 0,
        "SANE": 0,
        "VALID": 0,
        "total": 549
    },
    "percentage": {
        "ACTIVE": 99.4535519125683,
        "INACTIVE": 0.6109979633401222,
        "INVALID": 0,
        "MALICIOUS": 0,
        "SANE": 0,
        "VALID": 0,
        "total": 100.06454987590843
    }
}