{
    "counter": {
        "ACTIVE": 7858,
        "INACTIVE": 61,
        "INVALID": 0,
        "MALICIOUS": 0,
        "SANE": 0,
        "VALID": 0,
        "total": 7919
    },
    "percentage": {
        "ACTIVE": 99.22970071978786,
        "INACTIVE": 0.8180233337803406,
        "INVALID": 0,
        "MALICIOUS": 0,
        "SANE": 0,
        "VALID": 0,
        "total": 100.0477240535682
    }
}