{
    "counter": {
        "ACTIVE": 3141,
        "INACTIVE": 42,
        "INVALID": 0,
        "MALICIOUS": 0,
        "SANE": 0,
        "VALID": 0,
        "total": 3183
    },
    "percentage": {
        "ACTIVE": 98.68049010367578,
        "INACTIVE": 1.3215859030837005,
        "INVALID": 0,
        "MALICIOUS": 0,
        "SANE": 0,
        "VALID": 0,
        "total": 100.00207600675948
    }
}