{
    "counter": {
        "ACTIVE": 8606,
        "INACTIVE": 72,
        "INVALID": 0,
        "MALICIOUS": 0,
        "SANE": 0,
        "VALID": 0,
        "total": 8678
    },
    "percentage": {
        "ACTIVE": 99.17031574095414,
        "INACTIVE": 0.8323699421965318,
        "INVALID": 0,
        "MALICIOUS": 0,
        "SANE": 0,
        "VALID": 0,
        "total": 100.00268568315067
    }
}