{
    "counter": {
        "ACTIVE": 19422,
        "INACTIVE": 172,
        "INVALID": 0,
        "MALICIOUS": 0,
        "SANE": 0,
        "VALID": 0,
        "total": 19594
    },
    "percentage": {
        "ACTIVE": 99.12218025926305,
        "INACTIVE": 0.9034087924785965,
        "INVALID": 0,
        "MALICIOUS": 0,
        "SANE": 0,
        "VALID": 0,
        "total": 100.02558905174165
    }
}