{
    "counter": {
        "ACTIVE": 11181,
        "INACTIVE": 88,
        "INVALID": 0,
        "MALICIOUS": 0,
        "SANE": 0,
        "VALID": 0,
        "total": 11269
    },
    "percentage": {
        "ACTIVE": 99.21909663679119,
        "INACTIVE": 0.7862056642544447,
        "INVALID": 0,
        "MALICIOUS": 0,
        "SANE": 0,
        "VALID": 0,
        "total": 100.00530230104563
    }
}