{
    "counter": {
        "ACTIVE": 6447,
        "INACTIVE": 102,
        "INVALID": 0,
        "MALICIOUS": 0,
        "SANE": 0,
        "VALID": 0,
        "total": 6549
    },
    "percentage": {
        "ACTIVE": 98.44251030691709,
        "INACTIVE": 1.5593945879834887,
        "INVALID": 0,
        "MALICIOUS": 0,
        "SANE": 0,
        "VALID": 0,
        "total": 100.00190489490058
    }
}