{
    "counter": {
        "ACTIVE": 11868,
        "INACTIVE": 124,
        "INVALID": 0,
        "MALICIOUS": 0,
        "SANE": 0,
        "VALID": 0,
        "total": 11992
    },
    "percentage": {
        "ACTIVE": 98.96597731821214,
        "INACTIVE": 1.0509365200440715,
        "INVALID": 0,
        "MALICIOUS": 0,
        "SANE": 0,
        "VALID": 0,
        "total": 100.01691383825622
    }
}