{
    "counter": {
        "ACTIVE": 10652,
        "INACTIVE": 71,
        "INVALID": 0,
        "MALICIOUS": 0,
        "SANE": 0,
        "VALID": 0,
        "total": 10723
    },
    "percentage": {
        "ACTIVE": 99.3378718642171,
        "INACTIVE": 0.6630556593201344,
        "INVALID": 0,
        "MALICIOUS": 0,
        "SANE": 0,
        "VALID": 0,
        "total": 100.00092752353724
    }
}