{
    "counter": {
        "ACTIVE": 2883,
        "INACTIVE": 28,
        "INVALID": 0,
        "MALICIOUS": 0,
        "SANE": 0,
        "VALID": 0,
        "total": 2911
    },
    "percentage": {
        "ACTIVE": 99.03813122638269,
        "INACTIVE": 0.9989297181591152,
        "INVALID": 0,
        "MALICIOUS": 0,
        "SANE": 0,
        "VALID": 0,
        "total": 100.0370609445418
    }
}