{
    "counter": {
        "ACTIVE": 7576,
        "INACTIVE": 60,
        "INVALID": 0,
        "MALICIOUS": 0,
        "SANE": 0,
        "VALID": 0,
        "total": 7636
    },
    "percentage": {
        "ACTIVE": 99.21424829753798,
        "INACTIVE": 0.812787862367922,
        "INVALID": 0,
        "MALICIOUS": 0,
        "SANE": 0,
        "VALID": 0,
        "total": 100.0270361599059
    }
}