{
    "counter": {
        "ACTIVE": 15460,
        "INACTIVE": 139,
        "INVALID": 0,
        "MALICIOUS": 0,
        "SANE": 0,
        "VALID": 0,
        "total": 15599
    },
    "percentage": {
        "ACTIVE": 99.1089172382845,
        "INACTIVE": 0.8971214663740803,
        "INVALID": 0,
        "MALICIOUS": 0,
        "SANE": 0,
        "VALID": 0,
        "total": 100.00603870465858
    }
}