{
    "counter": {
        "ACTIVE": 3022,
        "INACTIVE": 127,
        "INVALID": 0,
        "MALICIOUS": 0,
        "SANE": 0,
        "VALID": 0,
        "total": 3149
    },
    "percentage": {
        "ACTIVE": 95.96697364242617,
        "INACTIVE": 4.127396815079623,
        "INVALID": 0,
        "MALICIOUS": 0,
        "SANE": 0,
        "VALID": 0,
        "total": 100.09437045750579
    }
}