{
    "counter": {
        "ACTIVE": 15995,
        "INACTIVE": 245,
        "INVALID": 0,
        "MALICIOUS": 0,
        "SANE": 0,
        "VALID": 0,
        "total": 16240
    },
    "percentage": {
        "ACTIVE": 98.49137931034483,
        "INACTIVE": 1.5246748397535628,
        "INVALID": 0,
        "MALICIOUS": 0,
        "SANE": 0,
        "VALID": 0,
        "total": 100.01605415009838
    }
}