{
    "counter": {
        "ACTIVE": 2426,
        "INACTIVE": 26,
        "INVALID": 0,
        "MALICIOUS": 0,
        "SANE": 0,
        "VALID": 0,
        "total": 2452
    },
    "percentage": {
        "ACTIVE": 98.93964110929853,
        "INACTIVE": 1.0686395396629675,
        "INVALID": 0,
        "MALICIOUS": 0,
        "SANE": 0,
        "VALID": 0,
        "total": 100.0082806489615
    }
}