{
    "counter": {
        "ACTIVE": 8946,
        "INACTIVE": 73,
        "INVALID": 0,
        "MALICIOUS": 0,
        "SANE": 0,
        "VALID": 0,
        "total": 9019
    },
    "percentage": {
        "ACTIVE": 99.1905976272314,
        "INACTIVE": 0.8230916676062691,
        "INVALID": 0,
        "MALICIOUS": 0,
        "SANE": 0,
        "VALID": 0,
        "total": 100.01368929483766
    }
}