{
    "counter": {
        "ACTIVE": 7584,
        "INACTIVE": 74,
        "INVALID": 0,
        "MALICIOUS": 0,
        "SANE": 0,
        "VALID": 0,
        "total": 7658
    },
    "percentage": {
        "ACTIVE": 99.03369025855315,
        "INACTIVE": 0.98117210289048,
        "INVALID": 0,
        "MALICIOUS": 0,
        "SANE": 0,
        "VALID": 0,
        "total": 100.01486236144363
    }
}