{
    "counter": {
        "ACTIVE": 13749,
        "INACTIVE": 160,
        "INVALID": 0,
        "MALICIOUS": 0,
        "SANE": 0,
        "VALID": 0,
        "total": 13909
    },
    "percentage": {
        "ACTIVE": 98.84966568408944,
        "INACTIVE": 1.151576219951058,
        "INVALID": 0,
        "MALICIOUS": 0,
        "SANE": 0,
        "VALID": 0,
        "total": 100.0012419040405
    }
}