{
    "counter": {
        "ACTIVE": 1749,
        "INACTIVE": 15,
        "INVALID": 0,
        "MALICIOUS": 0,
        "SANE": 0,
        "VALID": 0,
        "total": 1764
    },
    "percentage": {
        "ACTIVE": 99.14965986394557,
        "INACTIVE": 0.8605851979345955,
        "INVALID": 0,
        "MALICIOUS": 0,
        "SANE": 0,
        "VALID": 0,
        "total": 100.01024506188017
    }
}