{
    "counter": {
        "ACTIVE": 19449,
        "INACTIVE": 186,
        "INVALID": 0,
        "MALICIOUS": 0,
        "SANE": 0,
        "VALID": 0,
        "total": 19635
    },
    "percentage": {
        "ACTIVE": 99.05271199388847,
        "INACTIVE": 0.95856524427953,
        "INVALID": 0,
        "MALICIOUS": 0,
        "SANE": 0,
        "VALID": 0,
        "total": 100.01127723816799
    }
}