{
    "counter": {
        "ACTIVE": 2606,
        "INACTIVE": 20,
        "INVALID": 0,
        "MALICIOUS": 0,
        "SANE": 0,
        "VALID": 0,
        "total": 2626
    },
    "percentage": {
        "ACTIVE": 99.23838537699923,
        "INACTIVE": 0.778816199376947,
        "INVALID": 0,
        "MALICIOUS": 0,
        "SANE": 0,
        "VALID": 0,
        "total": 100.01720157637618
    }
}