{
    "counter": {
        "ACTIVE": 3530,
        "INACTIVE": 36,
        "INVALID": 0,
        "MALICIOUS": 0,
        "SANE": 0,
        "VALID": 0,
        "total": 3566
    },
    "percentage": {
        "ACTIVE": 98.99046550757151,
        "INACTIVE": 1.113861386138614,
        "INVALID": 0,
        "MALICIOUS": 0,
        "SANE": 0,
        "VALID": 0,
        "total": 100.10432689371012
    }
}