{
    "counter": {
        "ACTIVE": 16049,
        "INACTIVE": 193,
        "INVALID": 0,
        "MALICIOUS": 0,
        "SANE": 0,
        "VALID": 0,
        "total": 16242
    },
    "percentage": {
        "ACTIVE": 98.81172269424948,
        "INACTIVE": 1.2006220839813375,
        "INVALID": 0,
        "MALICIOUS": 0,
        "SANE": 0,
        "VALID": 0,
        "total": 100.01234477823083
    }
}