{
    "counter": {
        "ACTIVE": 2896,
        "INACTIVE": 32,
        "INVALID": 0,
        "MALICIOUS": 0,
        "SANE": 0,
        "VALID": 0,
        "total": 2928
    },
    "percentage": {
        "ACTIVE": 98.90710382513662,
        "INACTIVE": 1.1606819006166122,
        "INVALID": 0,
        "MALICIOUS": 0,
        "SANE": 0,
        "VALID": 0,
        "total": 100.06778572575323
    }
}