{
    "counter": {
        "ACTIVE": 14851,
        "INACTIVE": 129,
        "INVALID": 0,
        "MALICIOUS": 0,
        "SANE": 0,
        "VALID": 0,
        "total": 14980
    },
    "percentage": {
        "ACTIVE": 99.13885180240321,
        "INACTIVE": 0.871916187901318,
        "INVALID": 0,
        "MALICIOUS": 0,
        "SANE": 0,
        "VALID": 0,
        "total": 100.01076799030453
    }
}