{
    "counter": {
        "ACTIVE": 9876,
        "INACTIVE": 72,
        "INVALID": 0,
        "MALICIOUS": 0,
        "SANE": 0,
        "VALID": 0,
        "total": 9948
    },
    "percentage": {
        "ACTIVE": 99.27623642943306,
        "INACTIVE": 0.7342443401998776,
        "INVALID": 0,
        "MALICIOUS": 0,
        "SANE": 0,
        "VALID": 0,
        "total": 100.01048076963293
    }
}