{
    "counter": {
        "ACTIVE": 17936,
        "INACTIVE": 182,
        "INVALID": 0,
        "MALICIOUS": 0,
        "SANE": 0,
        "VALID": 0,
        "total": 18118
    },
    "percentage": {
        "ACTIVE": 98.99547411414063,
        "INACTIVE": 1.0057471264367817,
        "INVALID": 0,
        "MALICIOUS": 0,
        "SANE": 0,
        "VALID": 0,
        "total": 100.00122124057742
    }
}