{
    "counter": {
        "ACTIVE": 4493,
        "INACTIVE": 42,
        "INVALID": 0,
        "MALICIOUS": 0,
        "SANE": 0,
        "VALID": 0,
        "total": 4535
    },
    "percentage": {
        "ACTIVE": 99.07386990077177,
        "INACTIVE": 0.9679649688868402,
        "INVALID": 0,
        "MALICIOUS": 0,
        "SANE": 0,
        "VALID": 0,
        "total": 100.04183486965862
    }
}