{
    "counter": {
        "ACTIVE": 19456,
        "INACTIVE": 169,
        "INVALID": 0,
        "MALICIOUS": 0,
        "SANE": 0,
        "VALID": 0,
        "total": 19625
    },
    "percentage": {
        "ACTIVE": 99.13885350318472,
        "INACTIVE": 0.9055835387418283,
        "INVALID": 0,
        "MALICIOUS": 0,
        "SANE": 0,
        "VALID": 0,
        "total": 100.04443704192654
    }
}