{
    "counter": {
        "ACTIVE": 18013,
        "INACTIVE": 182,
        "INVALID": 0,
        "MALICIOUS": 0,
        "SANE": 0,
        "VALID": 0,
        "total": 18195
    },
    "percentage": {
        "ACTIVE": 98.99972519923055,
        "INACTIVE": 1.0030864197530864,
        "INVALID": 0,
        "MALICIOUS": 0,
        "SANE": 0,
        "VALID": 0,
        "total": 100.00281161898364
    }
}