{
    "counter": {
        "ACTIVE": 7395,
        "INACTIVE": 68,
        "INVALID": 0,
        "MALICIOUS": 0,
        "SANE": 0,
        "VALID": 0,
        "total": 7463
    },
    "percentage": {
        "ACTIVE": 99.08883826879271,
        "INACTIVE": 0.9372846312887664,
        "INVALID": 0,
        "MALICIOUS": 0,
        "SANE": 0,
        "VALID": 0,
        "total": 100.02612290008148
    }
}