{
    "counter": {
        "ACTIVE": 1840,
        "INACTIVE": 20,
        "INVALID": 0,
        "MALICIOUS": 0,
        "SANE": 0,
        "VALID": 0,
        "total": 1860
    },
    "percentage": {
        "ACTIVE": 98.9247311827957,
        "INACTIVE": 1.1344299489506522,
        "INVALID": 0,
        "MALICIOUS": 0,
        "SANE": 0,
        "VALID": 0,
        "total": 100.05916113174635
    }
}