{
    "counter": {
        "ACTIVE": 16277,
        "INACTIVE": 175,
        "INVALID": 0,
        "MALICIOUS": 0,
        "SANE": 0,
        "VALID": 0,
        "total": 16452
    },
    "percentage": {
        "ACTIVE": 98.93629953805008,
        "INACTIVE": 1.0767905488555254,
        "INVALID": 0,
        "MALICIOUS": 0,
        "SANE": 0,
        "VALID": 0,
        "total": 100.0130900869056
    }
}