{
    "counter": {
        "ACTIVE": 8757,
        "INACTIVE": 70,
        "INVALID": 0,
        "MALICIOUS": 0,
        "SANE": 0,
        "VALID": 0,
        "total": 8827
    },
    "percentage": {
        "ACTIVE": 99.20697858842189,
        "INACTIVE": 0.7950028392958546,
        "INVALID": 0,
        "MALICIOUS": 0,
        "SANE": 0,
        "VALID": 0,
        "total": 100.00198142771775
    }
}