{
    "counter": {
        "ACTIVE": 16097,
        "INACTIVE": 152,
        "INVALID": 0,
        "MALICIOUS": 0,
        "SANE": 0,
        "VALID": 0,
        "total": 16249
    },
    "percentage": {
        "ACTIVE": 99.0645578189427,
        "INACTIVE": 0.9556743162527507,
        "INVALID": 0,
        "MALICIOUS": 0,
        "SANE": 0,
        "VALID": 0,
        "total": 100.02023213519546
    }
}