{
    "counter": {
        "ACTIVE": 8787,
        "INACTIVE": 69,
        "INVALID": 0,
        "MALICIOUS": 0,
        "SANE": 0,
        "VALID": 0,
        "total": 8856
    },
    "percentage": {
        "ACTIVE": 99.22086720867209,
        "INACTIVE": 0.835553402760959,
        "INVALID": 0,
        "MALICIOUS": 0,
        "SANE": 0,
        "VALID": 0,
        "total": 100.05642061143305
    }
}