{
    "counter": {
        "ACTIVE": 7197,
        "INACTIVE": 60,
        "INVALID": 0,
        "MALICIOUS": 0,
        "SANE": 0,
        "VALID": 0,
        "total": 7257
    },
    "percentage": {
        "ACTIVE": 99.17321207110376,
        "INACTIVE": 0.832523935063133,
        "INVALID": 0,
        "MALICIOUS": 0,
        "SANE": 0,
        "VALID": 0,
        "total": 100.0057360061669
    }
}