{
    "counter": {
        "ACTIVE": 16283,
        "INACTIVE": 170,
        "INVALID": 0,
        "MALICIOUS": 0,
        "SANE": 0,
        "VALID": 0,
        "total": 16453
    },
    "percentage": {
        "ACTIVE": 98.96675378350453,
        "INACTIVE": 1.0341890740966053,
        "INVALID": 0,
        "MALICIOUS": 0,
        "SANE": 0,
        "VALID": 0,
        "total": 100.00094285760113
    }
}