{
    "counter": {
        "ACTIVE": 19437,
        "INACTIVE": 179,
        "INVALID": 0,
        "MALICIOUS": 0,
        "SANE": 0,
        "VALID": 0,
        "total": 19616
    },
    "percentage": {
        "ACTIVE": 99.08747960848287,
        "INACTIVE": 0.9210661726870433,
        "INVALID": 0,
        "MALICIOUS": 0,
        "SANE": 0,
        "VALID": 0,
        "total": 100.00854578116991
    }
}