{
    "counter": {
        "ACTIVE": 137,
        "INACTIVE": 1,
        "INVALID": 0,
        "MALICIOUS": 0,
        "SANE": 0,
        "VALID": 0,
        "total": 138
    },
    "percentage": {
        "ACTIVE": 99.27536231884058,
        "INACTIVE": 1.3157894736842106,
        "INVALID": 0,
        "MALICIOUS": 0,
        "SANE": 0,
        "VALID": 0,
        "total": 100.59115179252478
    }
}