{
    "counter": {
        "ACTIVE": 1095,
        "INACTIVE": 6,
        "INVALID": 0,
        "MALICIOUS": 0,
        "SANE": 0,
        "VALID": 0,
        "total": 1101
    },
    "percentage": {
        "ACTIVE": 99.4550408719346,
        "INACTIVE": 0.7009345794392523,
        "INVALID": 0,
        "MALICIOUS": 0,
        "SANE": 0,
        "VALID": 0,
        "total": 100.15597545137385
    }
}