{
    "counter": {
        "ACTIVE": 19274,
        "INACTIVE": 202,
        "INVALID": 0,
        "MALICIOUS": 0,
        "SANE": 0,
        "VALID": 0,
        "total": 19476
    },
    "percentage": {
        "ACTIVE": 98.96282604230848,
        "INACTIVE": 1.0658505698607008,
        "INVALID": 0,
        "MALICIOUS": 0,
        "SANE": 0,
        "VALID": 0,
        "total": 100.02867661216918
    }
}