{
    "counter": {
        "ACTIVE": 5680,
        "INACTIVE": 41,
        "INVALID": 0,
        "MALICIOUS": 0,
        "SANE": 0,
        "VALID": 0,
        "total": 5721
    },
    "percentage": {
        "ACTIVE": 99.28334207306415,
        "INACTIVE": 0.730186999109528,
        "INVALID": 0,
        "MALICIOUS": 0,
        "SANE": 0,
        "VALID": 0,
        "total": 100.01352907217368
    }
}