{
    "counter": {
        "ACTIVE": 17859,
        "INACTIVE": 236,
        "INVALID": 0,
        "MALICIOUS": 0,
        "SANE": 0,
        "VALID": 0,
        "total": 18095
    },
    "percentage": {
        "ACTIVE": 98.6957723127936,
        "INACTIVE": 1.3355970571590265,
        "INVALID": 0,
        "MALICIOUS": 0,
        "SANE": 0,
        "VALID": 0,
        "total": 100.03136936995261
    }
}