{
    "counter": {
        "ACTIVE": 4738,
        "INACTIVE": 48,
        "INVALID": 0,
        "MALICIOUS": 0,
        "SANE": 0,
        "VALID": 0,
        "total": 4786
    },
    "percentage": {
        "ACTIVE": 98.99707480150438,
        "INACTIVE": 1.0060783902745756,
        "INVALID": 0,
        "MALICIOUS": 0,
        "SANE": 0,
        "VALID": 0,
        "total": 100.00315319177896
    }
}