{
    "counter": {
        "ACTIVE": 11802,
        "INACTIVE": 180,
        "INVALID": 0,
        "MALICIOUS": 0,
        "SANE": 0,
        "VALID": 0,
        "total": 11982
    },
    "percentage": {
        "ACTIVE": 98.4977466199299,
        "INACTIVE": 1.5152790638942673,
        "INVALID": 0,
        "MALICIOUS": 0,
        "SANE": 0,
        "VALID": 0,
        "total": 100.01302568382417
    }
}