{
    "counter": {
        "ACTIVE": 19400,
        "INACTIVE": 252,
        "INVALID": 0,
        "MALICIOUS": 0,
        "SANE": 0,
        "VALID": 0,
        "total": 19652
    },
    "percentage": {
        "ACTIVE": 98.71768776714838,
        "INACTIVE": 1.3346750701763679,
        "INVALID": 0,
        "MALICIOUS": 0,
        "SANE": 0,
        "VALID": 0,
        "total": 100.05236283732475
    }
}