{
    "counter": {
        "ACTIVE": 9711,
        "INACTIVE": 85,
        "INVALID": 0,
        "MALICIOUS": 0,
        "SANE": 0,
        "VALID": 0,
        "total": 9796
    },
    "percentage": {
        "ACTIVE": 99.13229889750919,
        "INACTIVE": 0.8989952406134321,
        "INVALID": 0,
        "MALICIOUS": 0,
        "SANE": 0,
        "VALID": 0,
        "total": 100.03129413812262
    }
}