{
    "counter": {
        "ACTIVE": 17735,
        "INACTIVE": 200,
        "INVALID": 0,
        "MALICIOUS": 0,
        "SANE": 0,
        "VALID": 0,
        "total": 17935
    },
    "percentage": {
        "ACTIVE": 98.8848620016727,
        "INACTIVE": 1.1184431271669835,
        "INVALID": 0,
        "MALICIOUS": 0,
        "SANE": 0,
        "VALID": 0,
        "total": 100.00330512883968
    }
}