{
    "counter": {
        "ACTIVE": 4181,
        "INACTIVE": 31,
        "INVALID": 0,
        "MALICIOUS": 0,
        "SANE": 0,
        "VALID": 0,
        "total": 4212
    },
    "percentage": {
        "ACTIVE": 99.26400759734094,
        "INACTIVE": 0.8125819134993447,
        "INVALID": 0,
        "MALICIOUS": 0,
        "SANE": 0,
        "VALID": 0,
        "total": 100.07658951084028
    }
}