{
    "counter": {
        "ACTIVE": 4985,
        "INACTIVE": 45,
        "INVALID": 0,
        "MALICIOUS": 0,
        "SANE": 0,
        "VALID": 0,
        "total": 5030
    },
    "percentage": {
        "ACTIVE": 99.10536779324056,
        "INACTIVE": 0.9076240419524002,
        "INVALID": 0,
        "MALICIOUS": 0,
        "SANE": 0,
        "VALID": 0,
        "total": 100.01299183519296
    }
}