{
    "counter": {
        "ACTIVE": 12280,
        "INACTIVE": 129,
        "INVALID": 0,
        "MALICIOUS": 0,
        "SANE": 0,
        "VALID": 0,
        "total": 12409
    },
    "percentage": {
        "ACTIVE": 98.96043194455638,
        "INACTIVE": 1.049633848657445,
        "INVALID": 0,
        "MALICIOUS": 0,
        "SANE": 0,
        "VALID": 0,
        "total": 100.01006579321383
    }
}