{
    "counter": {
        "ACTIVE": 8738,
        "INACTIVE": 58,
        "INVALID": 0,
        "MALICIOUS": 0,
        "SANE": 0,
        "VALID": 0,
        "total": 8796
    },
    "percentage": {
        "ACTIVE": 99.3406093678945,
        "INACTIVE": 0.6668966310221915,
        "INVALID": 0,
        "MALICIOUS": 0,
        "SANE": 0,
        "VALID": 0,
        "total": 100.0075059989167
    }
}