{
    "counter": {
        "ACTIVE": 10805,
        "INACTIVE": 66,
        "INVALID": 0,
        "MALICIOUS": 0,
        "SANE": 0,
        "VALID": 0,
        "total": 10871
    },
    "percentage": {
        "ACTIVE": 99.39288013982154,
        "INACTIVE": 0.6452874462260462,
        "INVALID": 0,
        "MALICIOUS": 0,
        "SANE": 0,
        "VALID": 0,
        "total": 100.03816758604759
    }
}