{
    "counter": {
        "ACTIVE": 18189,
        "INACTIVE": 183,
        "INVALID": 0,
        "MALICIOUS": 0,
        "SANE": 0,
        "VALID": 0,
        "total": 18372
    },
    "percentage": {
        "ACTIVE": 99.00391900718485,
        "INACTIVE": 0.9989628254817403,
        "INVALID": 0,
        "MALICIOUS": 0,
        "SANE": 0,
        "VALID": 0,
        "total": 100.00288183266659
    }
}