{
    "counter": {
        "ACTIVE": 12566,
        "INACTIVE": 128,
        "INVALID": 0,
        "MALICIOUS": 0,
        "SANE": 0,
        "VALID": 0,
        "total": 12694
    },
    "percentage": {
        "ACTIVE": 98.99164959823538,
        "INACTIVE": 1.0269576379974326,
        "INVALID": 0,
        "MALICIOUS": 0,
        "SANE": 0,
        "VALID": 0,
        "total": 100.01860723623281
    }
}