{
    "counter": {
        "ACTIVE": 16180,
        "INACTIVE": 160,
        "INVALID": 0,
        "MALICIOUS": 0,
        "SANE": 0,
        "VALID": 0,
        "total": 16340
    },
    "percentage": {
        "ACTIVE": 99.02080783353733,
        "INACTIVE": 0.9803320874946388,
        "INVALID": 0,
        "MALICIOUS": 0,
        "SANE": 0,
        "VALID": 0,
        "total": 100.00113992103198
    }
}