{
    "counter": {
        "ACTIVE": 1098,
        "INACTIVE": 6,
        "INVALID": 0,
        "MALICIOUS": 0,
        "SANE": 0,
        "VALID": 0,
        "total": 1104
    },
    "percentage": {
        "ACTIVE": 99.45652173913044,
        "INACTIVE": 0.7033997655334114,
        "INVALID": 0,
        "MALICIOUS": 0,
        "SANE": 0,
        "VALID": 0,
        "total": 100.15992150466384
    }
}