{
    "counter": {
        "ACTIVE": 7755,
        "INACTIVE": 60,
        "INVALID": 0,
        "MALICIOUS": 0,
        "SANE": 0,
        "VALID": 0,
        "total": 7815
    },
    "percentage": {
        "ACTIVE": 99.23224568138195,
        "INACTIVE": 0.8110300081103001,
        "INVALID": 0,
        "MALICIOUS": 0,
        "SANE": 0,
        "VALID": 0,
        "total": 100.04327568949225
    }
}