{
    "counter": {
        "ACTIVE": 3651,
        "INACTIVE": 40,
        "INVALID": 0,
        "MALICIOUS": 0,
        "SANE": 0,
        "VALID": 0,
        "total": 3691
    },
    "percentage": {
        "ACTIVE": 98.9162828501761,
        "INACTIVE": 1.0955902492467817,
        "INVALID": 0,
        "MALICIOUS": 0,
        "SANE": 0,
        "VALID": 0,
        "total": 100.01187309942289
    }
}