{
    "counter": {
        "ACTIVE": 10472,
        "INACTIVE": 257,
        "INVALID": 0,
        "MALICIOUS": 0,
        "SANE": 0,
        "VALID": 0,
        "total": 10729
    },
    "percentage": {
        "ACTIVE": 97.60462298443471,
        "INACTIVE": 2.422928254925992,
        "INVALID": 0,
        "MALICIOUS": 0,
        "SANE": 0,
        "VALID": 0,
        "total": 100.0275512393607
    }
}