{
    "counter": {
        "ACTIVE": 15367,
        "INACTIVE": 169,
        "INVALID": 0,
        "MALICIOUS": 0,
        "SANE": 0,
        "VALID": 0,
        "total": 15536
    },
    "percentage": {
        "ACTIVE": 98.91220391349124,
        "INACTIVE": 1.0880762297192892,
        "INVALID": 0,
        "MALICIOUS": 0,
        "SANE": 0,
        "VALID": 0,
        "total": 100.00028014321053
    }
}