{
    "counter": {
        "ACTIVE": 19486,
        "INACTIVE": 183,
        "INVALID": 0,
        "MALICIOUS": 0,
        "SANE": 0,
        "VALID": 0,
        "total": 19669
    },
    "percentage": {
        "ACTIVE": 99.0696019116376,
        "INACTIVE": 0.9808650908506191,
        "INVALID": 0,
        "MALICIOUS": 0,
        "SANE": 0,
        "VALID": 0,
        "total": 100.05046700248822
    }
}