{
    "counter": {
        "ACTIVE": 15192,
        "INACTIVE": 179,
        "INVALID": 0,
        "MALICIOUS": 0,
        "SANE": 0,
        "VALID": 0,
        "total": 15371
    },
    "percentage": {
        "ACTIVE": 98.83546939041051,
        "INACTIVE": 1.1649095405440584,
        "INVALID": 0,
        "MALICIOUS": 0,
        "SANE": 0,
        "VALID": 0,
        "total": 100.00037893095457
    }
}