{
    "counter": {
        "ACTIVE": 6020,
        "INACTIVE": 44,
        "INVALID": 0,
        "MALICIOUS": 0,
        "SANE": 0,
        "VALID": 0,
        "total": 6064
    },
    "percentage": {
        "ACTIVE": 99.27440633245382,
        "INACTIVE": 0.7869790735109998,
        "INVALID": 0,
        "MALICIOUS": 0,
        "SANE": 0,
        "VALID": 0,
        "total": 100.06138540596483
    }
}