{
    "counter": {
        "ACTIVE": 1309,
        "INACTIVE": 9,
        "INVALID": 0,
        "MALICIOUS": 0,
        "SANE": 0,
        "VALID": 0,
        "total": 1318
    },
    "percentage": {
        "ACTIVE": 99.31714719271623,
        "INACTIVE": 0.974025974025974,
        "INVALID": 0,
        "MALICIOUS": 0,
        "SANE": 0,
        "VALID": 0,
        "total": 100.29117316674221
    }
}