{
    "counter": {
        "ACTIVE": 3323,
        "INACTIVE": 35,
        "INVALID": 0,
        "MALICIOUS": 0,
        "SANE": 0,
        "VALID": 0,
        "total": 3358
    },
    "percentage": {
        "ACTIVE": 98.95771292435974,
        "INACTIVE": 1.077254539858418,
        "INVALID": 0,
        "MALICIOUS": 0,
        "SANE": 0,
        "VALID": 0,
        "total": 100.03496746421816
    }
}