{
    "counter": {
        "ACTIVE": 18728,
        "INACTIVE": 201,
        "INVALID": 0,
        "MALICIOUS": 0,
        "SANE": 0,
        "VALID": 0,
        "total": 18929
    },
    "percentage": {
        "ACTIVE": 98.93813724972264,
        "INACTIVE": 1.0798903991833664,
        "INVALID": 0,
        "MALICIOUS": 0,
        "SANE": 0,
        "VALID": 0,
        "total": 100.01802764890601
    }
}