{
    "counter": {
        "ACTIVE": 8291,
        "INACTIVE": 60,
        "INVALID": 0,
        "MALICIOUS": 0,
        "SANE": 0,
        "VALID": 0,
        "total": 8351
    },
    "percentage": {
        "ACTIVE": 99.28152317087773,
        "INACTIVE": 0.7278903311901007,
        "INVALID": 0,
        "MALICIOUS": 0,
        "SANE": 0,
        "VALID": 0,
        "total": 100.00941350206783
    }
}