{
    "counter": {
        "ACTIVE": 6457,
        "INACTIVE": 82,
        "INVALID": 0,
        "MALICIOUS": 0,
        "SANE": 0,
        "VALID": 0,
        "total": 6539
    },
    "percentage": {
        "ACTIVE": 98.74598562471326,
        "INACTIVE": 1.2596006144393241,
        "INVALID": 0,
        "MALICIOUS": 0,
        "SANE": 0,
        "VALID": 0,
        "total": 100.00558623915258
    }
}