{
    "counter": {
        "ACTIVE": 19386,
        "INACTIVE": 187,
        "INVALID": 0,
        "MALICIOUS": 0,
        "SANE": 0,
        "VALID": 0,
        "total": 19573
    },
    "percentage": {
        "ACTIVE": 99.04460225821285,
        "INACTIVE": 0.976297379137517,
        "INVALID": 0,
        "MALICIOUS": 0,
        "SANE": 0,
        "VALID": 0,
        "total": 100.02089963735037
    }
}