{
    "counter": {
        "ACTIVE": 17484,
        "INACTIVE": 190,
        "INVALID": 0,
        "MALICIOUS": 0,
        "SANE": 0,
        "VALID": 0,
        "total": 17674
    },
    "percentage": {
        "ACTIVE": 98.92497453887066,
        "INACTIVE": 1.0981389434747428,
        "INVALID": 0,
        "MALICIOUS": 0,
        "SANE": 0,
        "VALID": 0,
        "total": 100.0231134823454
    }
}