{
    "counter": {
        "ACTIVE": 18186,
        "INACTIVE": 159,
        "INVALID": 0,
        "MALICIOUS": 0,
        "SANE": 0,
        "VALID": 0,
        "total": 18345
    },
    "percentage": {
        "ACTIVE": 99.13327882256746,
        "INACTIVE": 0.8677144728225278,
        "INVALID": 0,
        "MALICIOUS": 0,
        "SANE": 0,
        "VALID": 0,
        "total": 100.00099329538999
    }
}