{
    "counter": {
        "ACTIVE": 7340,
        "INACTIVE": 52,
        "INVALID": 0,
        "MALICIOUS": 0,
        "SANE": 0,
        "VALID": 0,
        "total": 7392
    },
    "percentage": {
        "ACTIVE": 99.2965367965368,
        "INACTIVE": 0.7318789584799437,
        "INVALID": 0,
        "MALICIOUS": 0,
        "SANE": 0,
        "VALID": 0,
        "total": 100.02841575501674
    }
}