{
    "counter": {
        "ACTIVE": 15422,
        "INACTIVE": 133,
        "INVALID": 0,
        "MALICIOUS": 0,
        "SANE": 0,
        "VALID": 0,
        "total": 15555
    },
    "percentage": {
        "ACTIVE": 99.14496946319511,
        "INACTIVE": 0.8562966778264228,
        "INVALID": 0,
        "MALICIOUS": 0,
        "SANE": 0,
        "VALID": 0,
        "total": 100.00126614102153
    }
}