{
    "counter": {
        "ACTIVE": 4299,
        "INACTIVE": 40,
        "INVALID": 0,
        "MALICIOUS": 0,
        "SANE": 0,
        "VALID": 0,
        "total": 4339
    },
    "percentage": {
        "ACTIVE": 99.07812860106016,
        "INACTIVE": 0.9265693768820941,
        "INVALID": 0,
        "MALICIOUS": 0,
        "SANE": 0,
        "VALID": 0,
        "total": 100.00469797794226
    }
}