{
    "counter": {
        "ACTIVE": 15580,
        "INACTIVE": 151,
        "INVALID": 0,
        "MALICIOUS": 0,
        "SANE": 0,
        "VALID": 0,
        "total": 15731
    },
    "percentage": {
        "ACTIVE": 99.0401118809993,
        "INACTIVE": 0.964116971012642,
        "INVALID": 0,
        "MALICIOUS": 0,
        "SANE": 0,
        "VALID": 0,
        "total": 100.00422885201195
    }
}