{
    "counter": {
        "ACTIVE": 16629,
        "INACTIVE": 191,
        "INVALID": 0,
        "MALICIOUS": 0,
        "SANE": 0,
        "VALID": 0,
        "total": 16820
    },
    "percentage": {
        "ACTIVE": 98.86444708680143,
        "INACTIVE": 1.1510184404001447,
        "INVALID": 0,
        "MALICIOUS": 0,
        "SANE": 0,
        "VALID": 0,
        "total": 100.01546552720158
    }
}