{
    "counter": {
        "ACTIVE": 15355,
        "INACTIVE": 184,
        "INVALID": 0,
        "MALICIOUS": 0,
        "SANE": 0,
        "VALID": 0,
        "total": 15539
    },
    "percentage": {
        "ACTIVE": 98.81588261792908,
        "INACTIVE": 1.1956592371174215,
        "INVALID": 0,
        "MALICIOUS": 0,
        "SANE": 0,
        "VALID": 0,
        "total": 100.0115418550465
    }
}