{
    "counter": {
        "ACTIVE": 15179,
        "INACTIVE": 156,
        "INVALID": 0,
        "MALICIOUS": 0,
        "SANE": 0,
        "VALID": 0,
        "total": 15335
    },
    "percentage": {
        "ACTIVE": 98.9827192696446,
        "INACTIVE": 1.0230179028132993,
        "INVALID": 0,
        "MALICIOUS": 0,
        "SANE": 0,
        "VALID": 0,
        "total": 100.0057371724579
    }
}