{
    "counter": {
        "ACTIVE": 1106,
        "INACTIVE": 8,
        "INVALID": 0,
        "MALICIOUS": 0,
        "SANE": 0,
        "VALID": 0,
        "total": 1114
    },
    "percentage": {
        "ACTIVE": 99.2818671454219,
        "INACTIVE": 0.7359705611775529,
        "INVALID": 0,
        "MALICIOUS": 0,
        "SANE": 0,
        "VALID": 0,
        "total": 100.01783770659945
    }
}