{
    "counter": {
        "ACTIVE": 9657,
        "INACTIVE": 68,
        "INVALID": 0,
        "MALICIOUS": 0,
        "SANE": 0,
        "VALID": 0,
        "total": 9725
    },
    "percentage": {
        "ACTIVE": 99.30077120822622,
        "INACTIVE": 0.7009586640552521,
        "INVALID": 0,
        "MALICIOUS": 0,
        "SANE": 0,
        "VALID": 0,
        "total": 100.00172987228147
    }
}