{
    "counter": {
        "ACTIVE": 14370,
        "INACTIVE": 182,
        "INVALID": 0,
        "MALICIOUS": 0,
        "SANE": 0,
        "VALID": 0,
        "total": 14552
    },
    "percentage": {
        "ACTIVE": 98.74931280923585,
        "INACTIVE": 1.288769296133692,
        "INVALID": 0,
        "MALICIOUS": 0,
        "SANE": 0,
        "VALID": 0,
        "total": 100.03808210536954
    }
}