{
    "counter": {
        "ACTIVE": 19415,
        "INACTIVE": 189,
        "INVALID": 0,
        "MALICIOUS": 0,
        "SANE": 0,
        "VALID": 0,
        "total": 19604
    },
    "percentage": {
        "ACTIVE": 99.03591103856355,
        "INACTIVE": 0.9873060648801129,
        "INVALID": 0,
        "MALICIOUS": 0,
        "SANE": 0,
        "VALID": 0,
        "total": 100.02321710344367
    }
}