{
    "counter": {
        "ACTIVE": 1107,
        "INACTIVE": 4,
        "INVALID": 0,
        "MALICIOUS": 0,
        "SANE": 0,
        "VALID": 0,
        "total": 1111
    },
    "percentage": {
        "ACTIVE": 99.63996399639964,
        "INACTIVE": 0.4914004914004914,
        "INVALID": 0,
        "MALICIOUS": 0,
        "SANE": 0,
        "VALID": 0,
        "total": 100.13136448780014
    }
}