{
    "counter": {
        "ACTIVE": 19393,
        "INACTIVE": 189,
        "INVALID": 0,
        "MALICIOUS": 0,
        "SANE": 0,
        "VALID": 0,
        "total": 19582
    },
    "percentage": {
        "ACTIVE": 99.03482790317639,
        "INACTIVE": 0.9722222222222222,
        "INVALID": 0,
        "MALICIOUS": 0,
        "SANE": 0,
        "VALID": 0,
        "total": 100.00705012539862
    }
}