{
    "counter": {
        "ACTIVE": 8927,
        "INACTIVE": 89,
        "INVALID": 0,
        "MALICIOUS": 0,
        "SANE": 0,
        "VALID": 0,
        "total": 9016
    },
    "percentage": {
        "ACTIVE": 99.01286601597161,
        "INACTIVE": 0.9947468425170448,
        "INVALID": 0,
        "MALICIOUS": 0,
        "SANE": 0,
        "VALID": 0,
        "total": 100.00761285848866
    }
}