{
    "counter": {
        "ACTIVE": 16735,
        "INACTIVE": 157,
        "INVALID": 0,
        "MALICIOUS": 0,
        "SANE": 0,
        "VALID": 0,
        "total": 16892
    },
    "percentage": {
        "ACTIVE": 99.07056594837793,
        "INACTIVE": 0.9477814669483852,
        "INVALID": 0,
        "MALICIOUS": 0,
        "SANE": 0,
        "VALID": 0,
        "total": 100.01834741532632
    }
}