{
    "counter": {
        "ACTIVE": 10813,
        "INACTIVE": 75,
        "INVALID": 0,
        "MALICIOUS": 0,
        "SANE": 0,
        "VALID": 0,
        "total": 10888
    },
    "percentage": {
        "ACTIVE": 99.31116825863336,
        "INACTIVE": 0.6928406466512702,
        "INVALID": 0,
        "MALICIOUS": 0,
        "SANE": 0,
        "VALID": 0,
        "total": 100.00400890528464
    }
}