{
    "counter": {
        "ACTIVE": 12703,
        "INACTIVE": 147,
        "INVALID": 0,
        "MALICIOUS": 0,
        "SANE": 0,
        "VALID": 0,
        "total": 12850
    },
    "percentage": {
        "ACTIVE": 98.85603112840467,
        "INACTIVE": 1.1872072363107737,
        "INVALID": 0,
        "MALICIOUS": 0,
        "SANE": 0,
        "VALID": 0,
        "total": 100.04323836471544
    }
}