{
    "counter": {
        "ACTIVE": 16040,
        "INACTIVE": 180,
        "INVALID": 0,
        "MALICIOUS": 0,
        "SANE": 0,
        "VALID": 0,
        "total": 16220
    },
    "percentage": {
        "ACTIVE": 98.89025893958076,
        "INACTIVE": 1.1233150274588117,
        "INVALID": 0,
        "MALICIOUS": 0,
        "SANE": 0,
        "VALID": 0,
        "total": 100.01357396703958
    }
}