{
    "counter": {
        "ACTIVE": 9869,
        "INACTIVE": 67,
        "INVALID": 0,
        "MALICIOUS": 0,
        "SANE": 0,
        "VALID": 0,
        "total": 9936
    },
    "percentage": {
        "ACTIVE": 99.3256843800322,
        "INACTIVE": 0.7187298862904956,
        "INVALID": 0,
        "MALICIOUS": 0,
        "SANE": 0,
        "VALID": 0,
        "total": 100.04441426632269
    }
}