{
    "counter": {
        "ACTIVE": 16448,
        "INACTIVE": 170,
        "INVALID": 0,
        "MALICIOUS": 0,
        "SANE": 0,
        "VALID": 0,
        "total": 16618
    },
    "percentage": {
        "ACTIVE": 98.9770128776026,
        "INACTIVE": 1.0410287813839558,
        "INVALID": 0,
        "MALICIOUS": 0,
        "SANE": 0,
        "VALID": 0,
        "total": 100.01804165898656
    }
}