{
    "counter": {
        "ACTIVE": 19432,
        "INACTIVE": 183,
        "INVALID": 0,
        "MALICIOUS": 0,
        "SANE": 0,
        "VALID": 0,
        "total": 19615
    },
    "percentage": {
        "ACTIVE": 99.06704053020647,
        "INACTIVE": 0.9422304603027495,
        "INVALID": 0,
        "MALICIOUS": 0,
        "SANE": 0,
        "VALID": 0,
        "total": 100.00927099050922
    }
}