{
    "counter": {
        "ACTIVE": 9608,
        "INACTIVE": 59,
        "INVALID": 0,
        "MALICIOUS": 0,
        "SANE": 0,
        "VALID": 0,
        "total": 9667
    },
    "percentage": {
        "ACTIVE": 99.38967621806145,
        "INACTIVE": 0.6281273288619185,
        "INVALID": 0,
        "MALICIOUS": 0,
        "SANE": 0,
        "VALID": 0,
        "total": 100.01780354692337
    }
}