{
    "counter": {
        "ACTIVE": 5223,
        "INACTIVE": 53,
        "INVALID": 0,
        "MALICIOUS": 0,
        "SANE": 0,
        "VALID": 0,
        "total": 5276
    },
    "percentage": {
        "ACTIVE": 98.99545109931766,
        "INACTIVE": 1.0145482388973965,
        "INVALID": 0,
        "MALICIOUS": 0,
        "SANE": 0,
        "VALID": 0,
        "total": 100.00999933821505
    }
}