{
    "counter": {
        "ACTIVE": 4390,
        "INACTIVE": 40,
        "INVALID": 0,
        "MALICIOUS": 0,
        "SANE": 0,
        "VALID": 0,
        "total": 4430
    },
    "percentage": {
        "ACTIVE": 99.09706546275395,
        "INACTIVE": 0.9265693768820941,
        "INVALID": 0,
        "MALICIOUS": 0,
        "SANE": 0,
        "VALID": 0,
        "total": 100.02363483963605
    }
}