{
    "counter": {
        "ACTIVE": 16988,
        "INACTIVE": 184,
        "INVALID": 0,
        "MALICIOUS": 0,
        "SANE": 0,
        "VALID": 0,
        "total": 17172
    },
    "percentage": {
        "ACTIVE": 98.92848823666434,
        "INACTIVE": 1.0850336124542987,
        "INVALID": 0,
        "MALICIOUS": 0,
        "SANE": 0,
        "VALID": 0,
        "total": 100.01352184911863
    }
}