{
    "counter": {
        "ACTIVE": 19490,
        "INACTIVE": 192,
        "INVALID": 0,
        "MALICIOUS": 0,
        "SANE": 0,
        "VALID": 0,
        "total": 19682
    },
    "percentage": {
        "ACTIVE": 99.02448938116045,
        "INACTIVE": 0.9845144087785868,
        "INVALID": 0,
        "MALICIOUS": 0,
        "SANE": 0,
        "VALID": 0,
        "total": 100.00900378993903
    }
}