{
    "counter": {
        "ACTIVE": 15584,
        "INACTIVE": 187,
        "INVALID": 0,
        "MALICIOUS": 0,
        "SANE": 0,
        "VALID": 0,
        "total": 15771
    },
    "percentage": {
        "ACTIVE": 98.81427937353371,
        "INACTIVE": 1.193058568329718,
        "INVALID": 0,
        "MALICIOUS": 0,
        "SANE": 0,
        "VALID": 0,
        "total": 100.00733794186343
    }
}