{
    "counter": {
        "ACTIVE": 15993,
        "INACTIVE": 197,
        "INVALID": 0,
        "MALICIOUS": 0,
        "SANE": 0,
        "VALID": 0,
        "total": 16190
    },
    "percentage": {
        "ACTIVE": 98.78319950586781,
        "INACTIVE": 1.2181548355181795,
        "INVALID": 0,
        "MALICIOUS": 0,
        "SANE": 0,
        "VALID": 0,
        "total": 100.00135434138599
    }
}