{
    "counter": {
        "ACTIVE": 19138,
        "INACTIVE": 212,
        "INVALID": 0,
        "MALICIOUS": 0,
        "SANE": 0,
        "VALID": 0,
        "total": 19350
    },
    "percentage": {
        "ACTIVE": 98.90439276485787,
        "INACTIVE": 1.1373390557939915,
        "INVALID": 0,
        "MALICIOUS": 0,
        "SANE": 0,
        "VALID": 0,
        "total": 100.04173182065186
    }
}