{
    "counter": {
        "ACTIVE": 7201,
        "INACTIVE": 66,
        "INVALID": 0,
        "MALICIOUS": 0,
        "SANE": 0,
        "VALID": 0,
        "total": 7267
    },
    "percentage": {
        "ACTIVE": 99.09178478051466,
        "INACTIVE": 0.9140008309098463,
        "INVALID": 0,
        "MALICIOUS": 0,
        "SANE": 0,
        "VALID": 0,
        "total": 100.0057856114245
    }
}