{
    "counter": {
        "ACTIVE": 757,
        "INACTIVE": 5,
        "INVALID": 0,
        "MALICIOUS": 0,
        "SANE": 0,
        "VALID": 0,
        "total": 762
    },
    "percentage": {
        "ACTIVE": 99.34383202099738,
        "INACTIVE": 1.0729613733905579,
        "INVALID": 0,
        "MALICIOUS": 0,
        "SANE": 0,
        "VALID": 0,
        "total": 100.41679339438794
    }
}