{
    "counter": {
        "ACTIVE": 8554,
        "INACTIVE": 88,
        "INVALID": 0,
        "MALICIOUS": 0,
        "SANE": 0,
        "VALID": 0,
        "total": 8642
    },
    "percentage": {
        "ACTIVE": 98.98171719509372,
        "INACTIVE": 1.0518766435572555,
        "INVALID": 0,
        "MALICIOUS": 0,
        "SANE": 0,
        "VALID": 0,
        "total": 100.03359383865097
    }
}