{
    "counter": {
        "ACTIVE": 1677,
        "INACTIVE": 10,
        "INVALID": 0,
        "MALICIOUS": 0,
        "SANE": 0,
        "VALID": 0,
        "total": 1687
    },
    "percentage": {
        "ACTIVE": 99.407231772377,
        "INACTIVE": 0.6293266205160478,
        "INVALID": 0,
        "MALICIOUS": 0,
        "SANE": 0,
        "VALID": 0,
        "total": 100.03655839289306
    }
}