{
    "counter": {
        "ACTIVE": 5124,
        "INACTIVE": 59,
        "INVALID": 0,
        "MALICIOUS": 0,
        "SANE": 0,
        "VALID": 0,
        "total": 5183
    },
    "percentage": {
        "ACTIVE": 98.8616631294617,
        "INACTIVE": 1.1431893043983725,
        "INVALID": 0,
        "MALICIOUS": 0,
        "SANE": 0,
        "VALID": 0,
        "total": 100.00485243386008
    }
}