{
    "counter": {
        "ACTIVE": 2833,
        "INACTIVE": 38,
        "INVALID": 0,
        "MALICIOUS": 0,
        "SANE": 0,
        "VALID": 0,
        "total": 2871
    },
    "percentage": {
        "ACTIVE": 98.67641936607454,
        "INACTIVE": 1.371841155234657,
        "INVALID": 0,
        "MALICIOUS": 0,
        "SANE": 0,
        "VALID": 0,
        "total": 100.0482605213092
    }
}