{
    "counter": {
        "ACTIVE": 275,
        "INACTIVE": 1,
        "INVALID": 0,
        "MALICIOUS": 0,
        "SANE": 0,
        "VALID": 0,
        "total": 276
    },
    "percentage": {
        "ACTIVE": 99.6376811594203,
        "INACTIVE": 1.0869565217391304,
        "INVALID": 0,
        "MALICIOUS": 0,
        "SANE": 0,
        "VALID": 0,
        "total": 100.72463768115942
    }
}