{
    "counter": {
        "ACTIVE": 2294,
        "INACTIVE": 26,
        "INVALID": 0,
        "MALICIOUS": 0,
        "SANE": 0,
        "VALID": 0,
        "total": 2320
    },
    "percentage": {
        "ACTIVE": 98.87931034482759,
        "INACTIVE": 1.1216566005176876,
        "INVALID": 0,
        "MALICIOUS": 0,
        "SANE": 0,
        "VALID": 0,
        "total": 100.00096694534527
    }
}