{
    "counter": {
        "ACTIVE": 11549,
        "INACTIVE": 145,
        "INVALID": 0,
        "MALICIOUS": 0,
        "SANE": 0,
        "VALID": 0,
        "total": 11694
    },
    "percentage": {
        "ACTIVE": 98.76004788780571,
        "INACTIVE": 1.242928167323847,
        "INVALID": 0,
        "MALICIOUS": 0,
        "SANE": 0,
        "VALID": 0,
        "total": 100.00297605512957
    }
}