{
    "counter": {
        "ACTIVE": 19247,
        "INACTIVE": 186,
        "INVALID": 0,
        "MALICIOUS": 0,
        "SANE": 0,
        "VALID": 0,
        "total": 19433
    },
    "percentage": {
        "ACTIVE": 99.04286522924922,
        "INACTIVE": 0.95856524427953,
        "INVALID": 0,
        "MALICIOUS": 0,
        "SANE": 0,
        "VALID": 0,
        "total": 100.00143047352874
    }
}