{
    "counter": {
        "ACTIVE": 18691,
        "INACTIVE": 168,
        "INVALID": 0,
        "MALICIOUS": 0,
        "SANE": 0,
        "VALID": 0,
        "total": 18859
    },
    "percentage": {
        "ACTIVE": 99.10917864149742,
        "INACTIVE": 0.8963824565147797,
        "INVALID": 0,
        "MALICIOUS": 0,
        "SANE": 0,
        "VALID": 0,
        "total": 100.00556109801221
    }
}