{
    "counter": {
        "ACTIVE": 1368,
        "INACTIVE": 5,
        "INVALID": 0,
        "MALICIOUS": 0,
        "SANE": 0,
        "VALID": 0,
        "total": 1373
    },
    "percentage": {
        "ACTIVE": 99.63583394027677,
        "INACTIVE": 0.4355400696864111,
        "INVALID": 0,
        "MALICIOUS": 0,
        "SANE": 0,
        "VALID": 0,
        "total": 100.07137400996318
    }
}