{
    "counter": {
        "ACTIVE": 17591,
        "INACTIVE": 209,
        "INVALID": 0,
        "MALICIOUS": 0,
        "SANE": 0,
        "VALID": 0,
        "total": 17800
    },
    "percentage": {
        "ACTIVE": 98.82584269662921,
        "INACTIVE": 1.1807909604519775,
        "INVALID": 0,
        "MALICIOUS": 0,
        "SANE": 0,
        "VALID": 0,
        "total": 100.00663365708118
    }
}