{
    "counter": {
        "ACTIVE": 2264,
        "INACTIVE": 13,
        "INVALID": 0,
        "MALICIOUS": 0,
        "SANE": 0,
        "VALID": 0,
        "total": 2277
    },
    "percentage": {
        "ACTIVE": 99.42907334211682,
        "INACTIVE": 0.5793226381461676,
        "INVALID": 0,
        "MALICIOUS": 0,
        "SANE": 0,
        "VALID": 0,
        "total": 100.00839598026299
    }
}