{
    "counter": {
        "ACTIVE": 9505,
        "INACTIVE": 86,
        "INVALID": 0,
        "MALICIOUS": 0,
        "SANE": 0,
        "VALID": 0,
        "total": 9591
    },
    "percentage": {
        "ACTIVE": 99.10332603482432,
        "INACTIVE": 0.937227550130776,
        "INVALID": 0,
        "MALICIOUS": 0,
        "SANE": 0,
        "VALID": 0,
        "total": 100.04055358495509
    }
}