{
    "counter": {
        "ACTIVE": 8389,
        "INACTIVE": 78,
        "INVALID": 0,
        "MALICIOUS": 0,
        "SANE": 0,
        "VALID": 0,
        "total": 8467
    },
    "percentage": {
        "ACTIVE": 99.07877642612496,
        "INACTIVE": 0.9441956179639269,
        "INVALID": 0,
        "MALICIOUS": 0,
        "SANE": 0,
        "VALID": 0,
        "total": 100.02297204408889
    }
}