{
    "counter": {
        "ACTIVE": 19435,
        "INACTIVE": 179,
        "INVALID": 0,
        "MALICIOUS": 0,
        "SANE": 0,
        "VALID": 0,
        "total": 19614
    },
    "percentage": {
        "ACTIVE": 99.08738656061996,
        "INACTIVE": 0.9210661726870433,
        "INVALID": 0,
        "MALICIOUS": 0,
        "SANE": 0,
        "VALID": 0,
        "total": 100.00845273330701
    }
}