{
    "counter": {
        "ACTIVE": 7868,
        "INACTIVE": 73,
        "INVALID": 0,
        "MALICIOUS": 0,
        "SANE": 0,
        "VALID": 0,
        "total": 7941
    },
    "percentage": {
        "ACTIVE": 99.08072031230324,
        "INACTIVE": 0.9621721365493607,
        "INVALID": 0,
        "MALICIOUS": 0,
        "SANE": 0,
        "VALID": 0,
        "total": 100.0428924488526
    }
}