{
    "counter": {
        "ACTIVE": 10436,
        "INACTIVE": 67,
        "INVALID": 0,
        "MALICIOUS": 0,
        "SANE": 0,
        "VALID": 0,
        "total": 10503
    },
    "percentage": {
        "ACTIVE": 99.3620870227554,
        "INACTIVE": 0.6499805975941017,
        "INVALID": 0,
        "MALICIOUS": 0,
        "SANE": 0,
        "VALID": 0,
        "total": 100.01206762034951
    }
}