{
    "counter": {
        "ACTIVE": 4382,
        "INACTIVE": 40,
        "INVALID": 0,
        "MALICIOUS": 0,
        "SANE": 0,
        "VALID": 0,
        "total": 4422
    },
    "percentage": {
        "ACTIVE": 99.09543193125283,
        "INACTIVE": 0.9265693768820941,
        "INVALID": 0,
        "MALICIOUS": 0,
        "SANE": 0,
        "VALID": 0,
        "total": 100.02200130813493
    }
}