{
    "counter": {
        "ACTIVE": 19493,
        "INACTIVE": 183,
        "INVALID": 0,
        "MALICIOUS": 0,
        "SANE": 0,
        "VALID": 0,
        "total": 19676
    },
    "percentage": {
        "ACTIVE": 99.06993291319374,
        "INACTIVE": 0.9808650908506191,
        "INVALID": 0,
        "MALICIOUS": 0,
        "SANE": 0,
        "VALID": 0,
        "total": 100.05079800404435
    }
}