{
    "counter": {
        "ACTIVE": 1906,
        "INACTIVE": 14,
        "INVALID": 0,
        "MALICIOUS": 0,
        "SANE": 0,
        "VALID": 0,
        "total": 1920
    },
    "percentage": {
        "ACTIVE": 99.27083333333333,
        "INACTIVE": 0.8225616921269095,
        "INVALID": 0,
        "MALICIOUS": 0,
        "SANE": 0,
        "VALID": 0,
        "total": 100.09339502546024
    }
}