{
    "counter": {
        "ACTIVE": 17170,
        "INACTIVE": 182,
        "INVALID": 0,
        "MALICIOUS": 0,
        "SANE": 0,
        "VALID": 0,
        "total": 17352
    },
    "percentage": {
        "ACTIVE": 98.9511295527893,
        "INACTIVE": 1.079990505577973,
        "INVALID": 0,
        "MALICIOUS": 0,
        "SANE": 0,
        "VALID": 0,
        "total": 100.03112005836726
    }
}