{
    "counter": {
        "ACTIVE": 10070,
        "INACTIVE": 67,
        "INVALID": 0,
        "MALICIOUS": 0,
        "SANE": 0,
        "VALID": 0,
        "total": 10137
    },
    "percentage": {
        "ACTIVE": 99.33905494722305,
        "INACTIVE": 0.7145142369627813,
        "INVALID": 0,
        "MALICIOUS": 0,
        "SANE": 0,
        "VALID": 0,
        "total": 100.05356918418583
    }
}