{
    "counter": {
        "ACTIVE": 8888,
        "INACTIVE": 66,
        "INVALID": 0,
        "MALICIOUS": 0,
        "SANE": 0,
        "VALID": 0,
        "total": 8954
    },
    "percentage": {
        "ACTIVE": 99.26289926289927,
        "INACTIVE": 0.7469443186962427,
        "INVALID": 0,
        "MALICIOUS": 0,
        "SANE": 0,
        "VALID": 0,
        "total": 100.0098435815955
    }
}