{
    "counter": {
        "ACTIVE": 10780,
        "INACTIVE": 69,
        "INVALID": 0,
        "MALICIOUS": 0,
        "SANE": 0,
        "VALID": 0,
        "total": 10849
    },
    "percentage": {
        "ACTIVE": 99.36399668172182,
        "INACTIVE": 0.6586483390607102,
        "INVALID": 0,
        "MALICIOUS": 0,
        "SANE": 0,
        "VALID": 0,
        "total": 100.02264502078252
    }
}