{
    "counter": {
        "ACTIVE": 2311,
        "INACTIVE": 106,
        "INVALID": 0,
        "MALICIOUS": 0,
        "SANE": 0,
        "VALID": 0,
        "total": 2417
    },
    "percentage": {
        "ACTIVE": 95.61439801406702,
        "INACTIVE": 4.448174569869912,
        "INVALID": 0,
        "MALICIOUS": 0,
        "SANE": 0,
        "VALID": 0,
        "total": 100.06257258393693
    }
}