{
    "counter": {
        "ACTIVE": 3509,
        "INACTIVE": 29,
        "INVALID": 0,
        "MALICIOUS": 0,
        "SANE": 0,
        "VALID": 0,
        "total": 3538
    },
    "percentage": {
        "ACTIVE": 99.18032786885246,
        "INACTIVE": 0.9397278029812054,
        "INVALID": 0,
        "MALICIOUS": 0,
        "SANE": 0,
        "VALID": 0,
        "total": 100.12005567183367
    }
}