{
    "counter": {
        "ACTIVE": 5323,
        "INACTIVE": 51,
        "INVALID": 0,
        "MALICIOUS": 0,
        "SANE": 0,
        "VALID": 0,
        "total": 5374
    },
    "percentage": {
        "ACTIVE": 99.05098622999628,
        "INACTIVE": 0.9747706422018348,
        "INVALID": 0,
        "MALICIOUS": 0,
        "SANE": 0,
        "VALID": 0,
        "total": 100.02575687219812
    }
}