{
    "counter": {
        "ACTIVE": 18415,
        "INACTIVE": 177,
        "INVALID": 0,
        "MALICIOUS": 0,
        "SANE": 0,
        "VALID": 0,
        "total": 18592
    },
    "percentage": {
        "ACTIVE": 99.04797762478485,
        "INACTIVE": 0.9614340032590983,
        "INVALID": 0,
        "MALICIOUS": 0,
        "SANE": 0,
        "VALID": 0,
        "total": 100.00941162804395
    }
}