{
    "counter": {
        "ACTIVE": 18424,
        "INACTIVE": 186,
        "INVALID": 0,
        "MALICIOUS": 0,
        "SANE": 0,
        "VALID": 0,
        "total": 18610
    },
    "percentage": {
        "ACTIVE": 99.00053734551317,
        "INACTIVE": 0.9998387356877922,
        "INVALID": 0,
        "MALICIOUS": 0,
        "SANE": 0,
        "VALID": 0,
        "total": 100.00037608120095
    }
}