{
    "counter": {
        "ACTIVE": 16029,
        "INACTIVE": 156,
        "INVALID": 0,
        "MALICIOUS": 0,
        "SANE": 0,
        "VALID": 0,
        "total": 16185
    },
    "percentage": {
        "ACTIVE": 99.03614457831326,
        "INACTIVE": 0.9789156626506024,
        "INVALID": 0,
        "MALICIOUS": 0,
        "SANE": 0,
        "VALID": 0,
        "total": 100.01506024096386
    }
}