{
    "counter": {
        "ACTIVE": 5648,
        "INACTIVE": 57,
        "INVALID": 0,
        "MALICIOUS": 0,
        "SANE": 0,
        "VALID": 0,
        "total": 5705
    },
    "percentage": {
        "ACTIVE": 99.00087642418931,
        "INACTIVE": 1.016767748840528,
        "INVALID": 0,
        "MALICIOUS": 0,
        "SANE": 0,
        "VALID": 0,
        "total": 100.01764417302984
    }
}