{
    "counter": {
        "ACTIVE": 9442,
        "INACTIVE": 75,
        "INVALID": 0,
        "MALICIOUS": 0,
        "SANE": 0,
        "VALID": 0,
        "total": 9517
    },
    "percentage": {
        "ACTIVE": 99.21193653462225,
        "INACTIVE": 0.7992327365728901,
        "INVALID": 0,
        "MALICIOUS": 0,
        "SANE": 0,
        "VALID": 0,
        "total": 100.01116927119514
    }
}