{
    "counter": {
        "ACTIVE": 15667,
        "INACTIVE": 174,
        "INVALID": 0,
        "MALICIOUS": 0,
        "SANE": 0,
        "VALID": 0,
        "total": 15841
    },
    "percentage": {
        "ACTIVE": 98.90158449592829,
        "INACTIVE": 1.1096938775510203,
        "INVALID": 0,
        "MALICIOUS": 0,
        "SANE": 0,
        "VALID": 0,
        "total": 100.01127837347931
    }
}