{
    "counter": {
        "ACTIVE": 17960,
        "INACTIVE": 178,
        "INVALID": 0,
        "MALICIOUS": 0,
        "SANE": 0,
        "VALID": 0,
        "total": 18138
    },
    "percentage": {
        "ACTIVE": 99.01863491013341,
        "INACTIVE": 1.0355459887137122,
        "INVALID": 0,
        "MALICIOUS": 0,
        "SANE": 0,
        "VALID": 0,
        "total": 100.05418089884712
    }
}