{
    "counter": {
        "ACTIVE": 2324,
        "INACTIVE": 23,
        "INVALID": 0,
        "MALICIOUS": 0,
        "SANE": 0,
        "VALID": 0,
        "total": 2347
    },
    "percentage": {
        "ACTIVE": 99.0200255645505,
        "INACTIVE": 0.9883970777825526,
        "INVALID": 0,
        "MALICIOUS": 0,
        "SANE": 0,
        "VALID": 0,
        "total": 100.00842264233304
    }
}