{
    "counter": {
        "ACTIVE": 18857,
        "INACTIVE": 203,
        "INVALID": 0,
        "MALICIOUS": 0,
        "SANE": 0,
        "VALID": 0,
        "total": 19060
    },
    "percentage": {
        "ACTIVE": 98.93494228751311,
        "INACTIVE": 1.0895234006011163,
        "INVALID": 0,
        "MALICIOUS": 0,
        "SANE": 0,
        "VALID": 0,
        "total": 100.02446568811422
    }
}