{
    "counter": {
        "ACTIVE": 2267,
        "INACTIVE": 41,
        "INVALID": 0,
        "MALICIOUS": 0,
        "SANE": 0,
        "VALID": 0,
        "total": 2308
    },
    "percentage": {
        "ACTIVE": 98.22357019064125,
        "INACTIVE": 1.8077601410934745,
        "INVALID": 0,
        "MALICIOUS": 0,
        "SANE": 0,
        "VALID": 0,
        "total": 100.03133033173472
    }
}