{
    "counter": {
        "ACTIVE": 13006,
        "INACTIVE": 169,
        "INVALID": 0,
        "MALICIOUS": 0,
        "SANE": 0,
        "VALID": 0,
        "total": 13175
    },
    "percentage": {
        "ACTIVE": 98.71726755218216,
        "INACTIVE": 1.2886991001982615,
        "INVALID": 0,
        "MALICIOUS": 0,
        "SANE": 0,
        "VALID": 0,
        "total": 100.00596665238042
    }
}