{
    "counter": {
        "ACTIVE": 13007,
        "INACTIVE": 133,
        "INVALID": 0,
        "MALICIOUS": 0,
        "SANE": 0,
        "VALID": 0,
        "total": 13140
    },
    "percentage": {
        "ACTIVE": 98.98782343987824,
        "INACTIVE": 1.0168973163085864,
        "INVALID": 0,
        "MALICIOUS": 0,
        "SANE": 0,
        "VALID": 0,
        "total": 100.00472075618683
    }
}