{
    "counter": {
        "ACTIVE": 4177,
        "INACTIVE": 36,
        "INVALID": 0,
        "MALICIOUS": 0,
        "SANE": 0,
        "VALID": 0,
        "total": 4213
    },
    "percentage": {
        "ACTIVE": 99.14550201756468,
        "INACTIVE": 0.9343368803529717,
        "INVALID": 0,
        "MALICIOUS": 0,
        "SANE": 0,
        "VALID": 0,
        "total": 100.07983889791765
    }
}