{
    "counter": {
        "ACTIVE": 14884,
        "INACTIVE": 378,
        "INVALID": 0,
        "MALICIOUS": 0,
        "SANE": 0,
        "VALID": 0,
        "total": 15262
    },
    "percentage": {
        "ACTIVE": 97.5232603852706,
        "INACTIVE": 2.48064050400315,
        "INVALID": 0,
        "MALICIOUS": 0,
        "SANE": 0,
        "VALID": 0,
        "total": 100.00390088927375
    }
}