{
    "counter": {
        "ACTIVE": 3824,
        "INACTIVE": 34,
        "INVALID": 0,
        "MALICIOUS": 0,
        "SANE": 0,
        "VALID": 0,
        "total": 3858
    },
    "percentage": {
        "ACTIVE": 99.1187143597719,
        "INACTIVE": 0.9020960466967365,
        "INVALID": 0,
        "MALICIOUS": 0,
        "SANE": 0,
        "VALID": 0,
        "total": 100.02081040646864
    }
}