{
    "counter": {
        "ACTIVE": 10776,
        "INACTIVE": 96,
        "INVALID": 0,
        "MALICIOUS": 0,
        "SANE": 0,
        "VALID": 0,
        "total": 10872
    },
    "percentage": {
        "ACTIVE": 99.11699779249449,
        "INACTIVE": 0.8856905618599502,
        "INVALID": 0,
        "MALICIOUS": 0,
        "SANE": 0,
        "VALID": 0,
        "total": 100.00268835435443
    }
}