{
    "counter": {
        "ACTIVE": 18356,
        "INACTIVE": 160,
        "INVALID": 0,
        "MALICIOUS": 0,
        "SANE": 0,
        "VALID": 0,
        "total": 18516
    },
    "percentage": {
        "ACTIVE": 99.13588248001729,
        "INACTIVE": 0.8666919451817344,
        "INVALID": 0,
        "MALICIOUS": 0,
        "SANE": 0,
        "VALID": 0,
        "total": 100.00257442519901
    }
}