{
    "counter": {
        "ACTIVE": 16850,
        "INACTIVE": 189,
        "INVALID": 0,
        "MALICIOUS": 0,
        "SANE": 0,
        "VALID": 0,
        "total": 17039
    },
    "percentage": {
        "ACTIVE": 98.89077997535067,
        "INACTIVE": 1.1126810314376545,
        "INVALID": 0,
        "MALICIOUS": 0,
        "SANE": 0,
        "VALID": 0,
        "total": 100.00346100678833
    }
}