{
    "counter": {
        "ACTIVE": 3192,
        "INACTIVE": 35,
        "INVALID": 0,
        "MALICIOUS": 0,
        "SANE": 0,
        "VALID": 0,
        "total": 3227
    },
    "percentage": {
        "ACTIVE": 98.91540130151844,
        "INACTIVE": 1.098556183301946,
        "INVALID": 0,
        "MALICIOUS": 0,
        "SANE": 0,
        "VALID": 0,
        "total": 100.0139574848204
    }
}