{
    "counter": {
        "ACTIVE": 16704,
        "INACTIVE": 246,
        "INVALID": 0,
        "MALICIOUS": 0,
        "SANE": 0,
        "VALID": 0,
        "total": 16950
    },
    "percentage": {
        "ACTIVE": 98.54867256637168,
        "INACTIVE": 1.5046791852712704,
        "INVALID": 0,
        "MALICIOUS": 0,
        "SANE": 0,
        "VALID": 0,
        "total": 100.05335175164295
    }
}