{
    "counter": {
        "ACTIVE": 3131,
        "INACTIVE": 27,
        "INVALID": 0,
        "MALICIOUS": 0,
        "SANE": 0,
        "VALID": 0,
        "total": 3158
    },
    "percentage": {
        "ACTIVE": 99.14502849905003,
        "INACTIVE": 0.8571428571428571,
        "INVALID": 0,
        "MALICIOUS": 0,
        "SANE": 0,
        "VALID": 0,
        "total": 100.00217135619289
    }
}