{
    "counter": {
        "ACTIVE": 14150,
        "INACTIVE": 141,
        "INVALID": 0,
        "MALICIOUS": 0,
        "SANE": 0,
        "VALID": 0,
        "total": 14291
    },
    "percentage": {
        "ACTIVE": 99.01336505492968,
        "INACTIVE": 1.0012071291628204,
        "INVALID": 0,
        "MALICIOUS": 0,
        "SANE": 0,
        "VALID": 0,
        "total": 100.0145721840925
    }
}