{
    "counter": {
        "ACTIVE": 7103,
        "INACTIVE": 56,
        "INVALID": 0,
        "MALICIOUS": 0,
        "SANE": 0,
        "VALID": 0,
        "total": 7159
    },
    "percentage": {
        "ACTIVE": 99.21776784467104,
        "INACTIVE": 0.7897334649555775,
        "INVALID": 0,
        "MALICIOUS": 0,
        "SANE": 0,
        "VALID": 0,
        "total": 100.00750130962662
    }
}