{
    "counter": {
        "ACTIVE": 5061,
        "INACTIVE": 44,
        "INVALID": 0,
        "MALICIOUS": 0,
        "SANE": 0,
        "VALID": 0,
        "total": 5105
    },
    "percentage": {
        "ACTIVE": 99.13809990205681,
        "INACTIVE": 0.8630835621812476,
        "INVALID": 0,
        "MALICIOUS": 0,
        "SANE": 0,
        "VALID": 0,
        "total": 100.00118346423805
    }
}