{
    "counter": {
        "ACTIVE": 5539,
        "INACTIVE": 52,
        "INVALID": 0,
        "MALICIOUS": 0,
        "SANE": 0,
        "VALID": 0,
        "total": 5591
    },
    "percentage": {
        "ACTIVE": 99.06993382221427,
        "INACTIVE": 0.9305654974946314,
        "INVALID": 0,
        "MALICIOUS": 0,
        "SANE": 0,
        "VALID": 0,
        "total": 100.0004993197089
    }
}