{
    "counter": {
        "ACTIVE": 2945,
        "INACTIVE": 25,
        "INVALID": 0,
        "MALICIOUS": 0,
        "SANE": 0,
        "VALID": 0,
        "total": 2970
    },
    "percentage": {
        "ACTIVE": 99.15824915824916,
        "INACTIVE": 0.8896797153024911,
        "INVALID": 0,
        "MALICIOUS": 0,
        "SANE": 0,
        "VALID": 0,
        "total": 100.04792887355165
    }
}