{
    "counter": {
        "ACTIVE": 4835,
        "INACTIVE": 49,
        "INVALID": 0,
        "MALICIOUS": 0,
        "SANE": 0,
        "VALID": 0,
        "total": 4884
    },
    "percentage": {
        "ACTIVE": 98.996723996724,
        "INACTIVE": 1.0080230405266406,
        "INVALID": 0,
        "MALICIOUS": 0,
        "SANE": 0,
        "VALID": 0,
        "total": 100.00474703725064
    }
}