{
    "counter": {
        "ACTIVE": 17767,
        "INACTIVE": 170,
        "INVALID": 0,
        "MALICIOUS": 0,
        "SANE": 0,
        "VALID": 0,
        "total": 17937
    },
    "percentage": {
        "ACTIVE": 99.05223838992028,
        "INACTIVE": 0.9524876736889287,
        "INVALID": 0,
        "MALICIOUS": 0,
        "SANE": 0,
        "VALID": 0,
        "total": 100.00472606360921
    }
}