{
    "counter": {
        "ACTIVE": 11160,
        "INACTIVE": 72,
        "INVALID": 0,
        "MALICIOUS": 0,
        "SANE": 0,
        "VALID": 0,
        "total": 11232
    },
    "percentage": {
        "ACTIVE": 99.35897435897436,
        "INACTIVE": 0.6434316353887399,
        "INVALID": 0,
        "MALICIOUS": 0,
        "SANE": 0,
        "VALID": 0,
        "total": 100.0024059943631
    }
}